Molecule ChEMBL ID,Smiles,pChEMBL Value
CHEMBL183388,CC[C@@H]1CCN(CCOc2ccc([C@@H]3Oc4ccc(O)cc4S[C@@H]3c3ccc(O)cc3)cc2)C1,9.05
CHEMBL187671,CC(C)(C)c1cc(-c2nc3ccc(O)cc3o2)ccc1O,5.3
CHEMBL304552,Oc1ccc([C@H]2Sc3cc(O)ccc3O[C@H]2c2ccc(OCCN3CCCCC3)cc2)cc1,9.1
CHEMBL184367,Oc1ccc([C@H]2Sc3cc(O)ccc3O[C@H]2c2ccc(OCCN3C4CCCC3CC4)cc2)cc1,9.22
CHEMBL368688,Oc1ccc([C@H]2Sc3cc(O)ccc3O[C@H]2c2ccc(OCCN3C4CCC3CC4)cc2)cc1,9.05
CHEMBL205920,CCc1cc(O)cc2ncn(-c3ccc(O)cc3)c(=S)c12,5.65
CHEMBL360817,Oc1ccc2oc(-c3ccc(O)c(F)c3)nc2c1,5.8
CHEMBL194762,N#Cc1cc(O)cc2ccc(-c3ccc(O)cc3)cc12,7.08
CHEMBL219003,,8.54
CHEMBL1276308,CC#C[C@]1(O)CC[C@H]2[C@@H]3CCC4=CC(=O)CCC4=C3[C@@H](c3ccc(N(C)C)cc3)C[C@@]21C,5.3
CHEMBL387335,,7.63
CHEMBL71584,Oc1ccc([C@@H]2Sc3ccc(O)cc3O[C@@H]2c2ccc(OCCN3CCCCC3)cc2)cc1,8.74
CHEMBL94080,CCOC(=O)N1CCc2cc(O)ccc2C1c1ccc(OCCN2CCCC2)cc1,7.35
CHEMBL316119,Oc1ccc([C@@H]2Sc3cc(O)c(F)cc3O[C@@H]2c2ccc(OCCN3CCCCC3)cc2)cc1,7.87
CHEMBL330307,Cc1ccc(S(=O)(=O)N2CCc3cc(O)ccc3C2c2ccc(OCCN3CCCC3)cc2)cc1,7.61
CHEMBL372011,CN1CCC(c2ccc(C3c4ccc(O)cc4CCN3c3cccc(F)c3)cc2)CC1,6.79
CHEMBL194334,CN1CCN(c2ccc(C3c4ccc(O)cc4CCN3c3cccc(O)c3)cc2)CC1,6.77
CHEMBL194334,CN1CCN(c2ccc(C3c4ccc(O)cc4CCN3c3cccc(O)c3)cc2)CC1,7.74
CHEMBL195118,CC(C)CN1CCN(c2ccc(C3c4ccc(O)cc4CCN3c3cccc(O)c3)cc2)CC1,6.92
CHEMBL193010,Oc1cccc(-c2ccc3c(O)cccc3c2)c1,5.84
CHEMBL195217,Oc1cccc(-c2ccc3cc(O)ccc3c2)c1,6.64
CHEMBL191715,Oc1ccc(-c2ccc3ccc(O)cc3c2)cc1,6.36
CHEMBL194718,Oc1ccc2ccc(-c3ccccc3)cc2c1,5.47
CHEMBL370236,C[C@]12CCC3C(CC=C4C[C@@H](O)CC[C@@]43/C=C/Cl)C1CC[C@@H]2O,5.25
CHEMBL5837180,COc1ccc(NCCNCCCF)nc1[C@@H]1c2[nH]c3ccccc3c2C[C@@H](C)N1CC(F)(F)F,7.09
CHEMBL209803,CCCCC12CCC(=O)C(CC)=C1c1ccc(O)cc1C2,6.58
CHEMBL188882,Oc1ccc(-c2noc3cc(O)ccc23)cc1,6.09
CHEMBL214091,CC1=C2c3ccc(O)cc3CC2(Cc2ccccc2)CCC1=O,5.82
CHEMBL216024,CC1=C2c3ccc(O)cc3CC2(Cc2ccc(Cl)cc2)CCC1=O,5.17
CHEMBL210063,O=C1CCC2(Cc3ccccc3)Cc3cc(O)ccc3C2=C1c1ccc(OCCN2CCCCC2)cc1,6.42
CHEMBL1627356,CN(C)C(=O)/C=C/c1ccc(S[C@@H]2Cc3cc(O)ccc3[C@H]3CC[C@]4(C)[C@@H](O)CC[C@H]4[C@@H]32)cc1,7.03
CHEMBL135,C[C@]12CC[C@@H]3c4ccc(O)cc4CC[C@H]3[C@@H]1CC[C@@H]2O,8.89
CHEMBL186874,N#CCc1cc(O)cc2cc(-c3ccc(O)c(F)c3)oc12,5.98
CHEMBL340111,Oc1ccc([C@H]2Sc3cc(O)ccc3O[C@H]2c2ccc(CN3CCCCC3)cc2)cc1,6.81
CHEMBL4447143,CC1=C(C2CCC(F)(F)CC2)[C@H](c2ccc(OCCN3CC(CF)C3)cc2)Oc2ccc(O)cc21,9.77
CHEMBL4437725,CC1=C(c2ccc(F)cc2)[C@H](c2ccc(OCCN3CC(CF)C3)cc2)Oc2cc3[nH]ncc3cc21,7.57
CHEMBL4567402,CC1=C(c2ccc(F)cc2)[C@H](c2ccc(OCCN3CC(CF)C3)cc2)Oc2ccc(O)c(F)c21,9.7
CHEMBL5916184,COC[C@](C)(F)CN1[C@H](c2ccc(NC3CN(CCCF)C3)cc2OC)c2ccc3[nH]ncc3c2C[C@H]1C,8.02
CHEMBL5944633,C[C@@H]1Cc2c(ccc3[nH]nc(F)c23)[C@@H](c2cnc(NC3CN(CCCF)C3)cn2)N1CC(F)(F)F,9.16
CHEMBL5783757,C[C@@H]1Cc2c(ccc3[nH]ncc23)[C@@H](c2ccc(NC3CN(CCCF)C3)c(F)c2)N1CC(F)(F)F,8.62
CHEMBL250104,O=C(O)CCc1cc(Br)c(OCc2cccc(Br)c2)c(Br)c1,4.54
CHEMBL83,CC/C(=C(\c1ccccc1)c1ccc(OCCN(C)C)cc1)c1ccccc1,6.65
CHEMBL135,C[C@]12CC[C@@H]3c4ccc(O)cc4CC[C@H]3[C@@H]1CC[C@@H]2O,7.34
CHEMBL5847607,COc1cc(OCCNCCCF)ncc1[C@@H]1c2[nH]c3ccccc3c2C[C@@H](C)N1CC1(F)CC1,9.29
CHEMBL193482,C[C@]12CC[C@@H]3c4ccc(O)cc4CC[C@H]3[C@@H]1C[C@@H](O)[C@@H]2O,8.77
CHEMBL238890,COc1ccccc1[C@H](c1cccc2ccccc12)[C@@](C)(C#N)C(=O)N1CCC(c2cccc(C(F)(F)F)c2)CC1,5.61
CHEMBL135,C[C@]12CC[C@@H]3c4ccc(O)cc4CC[C@H]3[C@@H]1CC[C@@H]2O,8.49
CHEMBL5071091,Cn1cc(NC(=O)c2cc(NC(=O)CCS(C)(=O)=O)cn2C)cc1C(=O)NCC(=O)NCCCCCC[C@@H]1Cc2cc(O)ccc2[C@H]2CC[C@]3(C)[C@@H](O)CC[C@H]3[C@H]12,9
CHEMBL394788,O=C1c2ccc(O)cc2C(=O)N1c1ccc(O)cc1[N+](=O)[O-],7.68
CHEMBL194873,Oc1cccc(-c2ccc3ccc(O)cc3c2)c1,5.58
CHEMBL213838,O=C1CCC2(Cc3ccccc3)Cc3cc(O)ccc3C2=C1c1ccc(OCCN2CCOCC2)cc1,7.6
CHEMBL4476692,Oc1ccc2c(c1)CCCC(c1ccc3[nH]ncc3c1)=C2c1ccc(O[C@H]2CCN(CCCF)C2)cc1,7.51
CHEMBL4574995,O=C(O)c1ccc2c(c1)CCCC(c1cccc(F)c1Cl)=C2c1ccc(O[C@H]2CCN(CCCF)C2)cc1,6.02
CHEMBL5848093,Oc1ccc2c(c1)CCCC(c1ccc(N3CCOCC3)cc1)=C2c1ccc(O[C@H]2CCN(CCCF)C2)cc1,8.22
CHEMBL464360,Cc1cc(O)c2c(c1)C(=O)c1cc(O)cc(O[C@@H]3O[C@H](CO)[C@@H](O)[C@H](O)[C@H]3O)c1C2=O,4.7
CHEMBL4102815,O=C(O)/C=C/c1ccc(Oc2c(-c3ccc(O)cc3)sc3cc(O)ccc23)cc1,6.13
CHEMBL5819335,O=C(O)/C=C/c1ccc(Oc2c(-c3ccc(Cl)cc3)sc3cc(O)ccc23)cc1,7.09
CHEMBL5766820,CC(=O)c1ccccc1-c1sc2cc(O)ccc2c1Oc1ccc(/C=C/C(=O)O)cc1,8.15
CHEMBL5896440,O=C(O)/C=C/c1ccc(Oc2c(-c3ccccc3[N+](=O)[O-])sc3cc(O)ccc23)cc1,7.82
CHEMBL5762921,[C-]#[N+]c1ccccc1-c1sc2cc(O)ccc2c1Oc1ccc(/C=C/C(=O)O)cc1,5.59
CHEMBL5762921,[C-]#[N+]c1ccccc1-c1sc2cc(O)ccc2c1Oc1ccc(/C=C/C(=O)O)cc1,7.48
CHEMBL4086984,C[C@H](O)c1ccccc1-c1sc2cc(O)ccc2c1Oc1ccc(/C=C/C(=O)O)cc1,8.22
CHEMBL4073373,COc1ccc(-c2sc3cc(O)ccc3c2Oc2ccc(/C=C/C(=O)O)cc2)cc1,7.68
CHEMBL4091898,O=C(O)/C=C/c1ccc(Oc2c(-c3ccccc3C(F)F)sc3cc(O)ccc23)cc1,7.28
CHEMBL6056309,O=C(O)/C=C/c1ccc(Oc2c(-c3ccccc3CN3CCC3)sc3cc(O)ccc23)cc1,7.6
CHEMBL4091321,Cc1ncccc1-c1sc2cc(O)ccc2c1Oc1ccc(/C=C/C(=O)O)cc1,8.27
CHEMBL5900223,Cc1nnc(/C=C/c2ccc(Oc3c(-c4ccccc4C(C)C)sc4cc(O)ccc34)cc2)[nH]1,8.96
CHEMBL4059624,Cn1nnnc1/C=C/c1ccc(Oc2c(-c3ccc(O)cc3)sc3cc(O)ccc23)cc1,7.22
CHEMBL4087929,Cn1nnc(/C=C/c2ccc(Oc3c(-c4ccc(O)cc4)sc4cc(O)ccc34)cc2)n1,8.52
CHEMBL4094916,CC/C(=C\c1ccc(Oc2c(-c3ccc(O)cc3)sc3cc(O)ccc23)cc1)C(=O)O,6.67
CHEMBL4087929,Cn1nnc(/C=C/c2ccc(Oc3c(-c4ccc(O)cc4)sc4cc(O)ccc34)cc2)n1,7.47
CHEMBL5861764,CC(C)c1ccccc1-c1sc2cc(O)ccc2c1Nc1ccc(/C=C/C(=O)O)cc1,8.55
CHEMBL4103381,Cc1cc(Oc2c(-c3ccc(O)cc3)sc3cc(O)ccc23)ccc1/C=C/C(=O)O,5.9
CHEMBL5764324,CNC(=O)/C=C/c1ccc(Oc2c(-c3ccc(O)c(C)c3)sc3cc(O)ccc23)cc1,6.79
CHEMBL5960392,Oc1ccc(C2=C(c3ccc(O[C@H]4CCN(CCCF)C4)cc3)c3ccc(O)cc3CCC2)c(F)c1,8.52
CHEMBL4440422,Oc1ccc(C2=C(c3ccc(O[C@H]4CCN(CCCF)C4)cc3)c3ccc(O)cc3CCC2)cc1,8.4
CHEMBL4440422,Oc1ccc(C2=C(c3ccc(O[C@H]4CCN(CCCF)C4)cc3)c3ccc(O)cc3CCC2)cc1,8.52
CHEMBL5885646,Oc1ccc2c(c1)CCCC(c1ccncc1F)=C2c1ccc(O[C@H]2CCN(CCCF)C2)cc1,8.15
CHEMBL5812024,Cc1cc(Cl)ccc1C1=C(c2ccc(O[C@H]3CCN(CCCF)C3)cc2)c2ccc(O)cc2CCC1,8.52
CHEMBL4162177,Oc1cccc(C2=C(c3ccc(O[C@H]4CCN(CCCF)C4)cc3)c3ccc(O)cc3CCC2)c1,8.7
CHEMBL5817458,Cc1c(Cl)cccc1C1=C(c2ccc(O[C@H]3CCN(CCCF)C3)cc2)c2ccc(O)cc2CCC1,8.3
CHEMBL5944789,C[C@@H]1Cc2c([nH]c3ccccc23)[C@@H](c2ccc(OCCNCCCF)cc2C#N)N1CC1(F)CC1,7.72
CHEMBL4205118,O=C(NCCCCOc1ccc(C(=C2C3CC4CC(C3)CC2C4)c2ccc(O)cc2)cc1)C12CC3CC(CC1C3)C2,8.7
CHEMBL378675,CCCCC12CCC(=O)C(c3ccco3)=C1c1ccc(O)cc1C2,6.71
CHEMBL209402,CCCCC12CCC(=O)C(CCC)=C1c1ccc(O)cc1C2,7.52
CHEMBL202996,Oc1ccc(-c2coc3cc(O)cc(O)c3c2=S)cc1,4.25
CHEMBL4077815,CCc1c(-c2ccc(O)cc2F)c(=O)oc2cc(O)ccc12,7.92
CHEMBL222434,Oc1ccc(-c2nn(C3CCCC3)c3c(Cl)cccc23)cc1,7.75
CHEMBL222454,Oc1ccc(-c2nn(C3CCCCC3)c3c(Cl)cccc23)cc1,7.43
CHEMBL221626,Oc1ccc(-c2nn(Cc3ccccc3)c3c(Cl)cccc23)cc1,6.98
CHEMBL374277,Oc1ccc(-c2nn(-c3cc(F)ccc3F)c3cc(O)ccc23)c(O)c1,7.51
CHEMBL426897,Cc1ccc(-n2nc(-c3ccc(O)cc3O)c3ccc(O)cc32)cc1,7.4
CHEMBL4564385,Cc1cc(O)ccc1C(=O)c1sc2cc(O)ccc2c1Oc1ccc(OCCN2CC(CF)C2)cc1,8.29
CHEMBL4440649,Cc1cc(F)cc(C)c1C(=O)c1sc2cc(O)ccc2c1Oc1ccc(OCCN2CC[C@@H](CF)C2)cc1,8.23
CHEMBL4533964,Cc1cc(F)cc(C)c1C(=O)c1sc2cc(O)ccc2c1Oc1ccc(OC2CN(CCCF)C2)cc1,8.51
CHEMBL471627,Oc1cccc(C2=C(c3ccc(OCCN4CCCC4)cc3)c3ccc(F)cc3OCC2)c1,7.85
CHEMBL4855559,CN(Cc1cccc(O)c1Cl)CC1(c2ccccc2F)CCCC1,7.82
CHEMBL4878662,CN(Cc1cccc(O)c1Cl)CC1(c2ccc(OCCN3CCCCC3)cc2F)CCCC1,7.21
CHEMBL5743949,Oc1ccc2c(c1)CCCC(c1ccc3cc[nH]c3c1)=C2c1ccc(O[C@H]2CCN(CCCF)C2)cc1,7.58
CHEMBL5430945,COc1cc(OCCNCCCF)ccc1[C@@H]1c2[nH]c3ccccc3c2C[C@@H](C)N1CC1(F)COC1,8.92
CHEMBL309245,O=c1c2ccc(O)cc2oc2c1oc1cc(O)ccc12,6.26
CHEMBL74757,CC1Oc2cc(O)ccc2N=C1c1ccc(O)cc1,5.77
CHEMBL92660,Oc1ccc([C@@H]2Sc3c(ccc(O)c3Cl)O[C@@H]2c2ccc(OCCN3CCCCC3)cc2)cc1,8.62
CHEMBL329902,CN(C)CCOc1ccc([C@@H]2Oc3ccc(O)cc3S[C@@H]2c2cccc(O)c2)cc1,8.85
CHEMBL1098710,CCOC(=O)C1(C#N)Cc2ccc([C@]3(O)CC[C@H]4[C@@H]5CCc6cc(O)ccc6[C@H]5CC[C@@]43C)cc2C1,7.32
CHEMBL691,C#C[C@]1(O)CC[C@H]2[C@@H]3CCc4cc(O)ccc4[C@H]3CC[C@@]21C,8.1
CHEMBL1083981,COC(=O)C(C)N1C(=O)S/C(=C/c2ccc(O)c(Cl)c2)C1=O,5.63
CHEMBL1082742,Cc1ccc(C(=O)C2=C(O)C(=O)N(c3ccc(O)cc3)C2c2ccc(Br)cc2)cc1,5.21
CHEMBL362966,N#Cc1cc(-c2ccc(O)cc2)cc2ccc(O)c(Br)c12,6.88
CHEMBL195280,N#Cc1cc(-c2ccc(O)c(F)c2)cc2ccc(O)c(F)c12,6.51
CHEMBL447837,Oc1ccc(-c2ccc3c(Cl)c(O)ccc3c2)c(F)c1,7.24
CHEMBL363705,Oc1ccc(-c2nc3cc(O)c(Br)cc3o2)cc1F,5.92
CHEMBL367588,Oc1ccc(-c2cc3cc(O)ccc3o2)cc1,6.75
CHEMBL187915,Oc1ccc(-c2nc3cc(O)cc(Br)c3o2)c(F)c1,7.33
CHEMBL429446,COc1cc(C2Nc3ccccc3C(=O)N2Cc2ccccc2)ccc1O,5.96
CHEMBL440283,C[C@]12CC[C@H]3[C@@H](CC=C4C[C@@H](O)CC[C@@]43C)[C@@H]1CC[C@@H]2O,6.75
CHEMBL398455,C=C[C@]12CC[C@](C)(O)CC1=CC[C@H]1[C@@H]3CC[C@H](O)[C@@]3(C)CC[C@@H]12,5.28
CHEMBL372411,Cc1nocc1-c1nc2ccccc2n1-c1ccc(O)cc1,5.94
CHEMBL198445,C#Cc1cc(-c2ccc(O)c(F)c2)nc2ccc(O)cc12,5.88
CHEMBL372783,Oc1ccc(-c2cc(Cl)c3cc(O)ccc3n2)cc1,6.67
CHEMBL193064,CCc1cc(-c2ccc(O)c(F)c2)cc2ccc(O)cc12,6.63
CHEMBL195154,N#Cc1cc(-c2cc(F)c(O)c(F)c2)cc2ccc(O)cc12,6.26
CHEMBL371564,N#Cc1cc(O)c(C#N)c2ccc(-c3ccc(O)c(F)c3)cc12,6.06
CHEMBL135,C[C@]12CC[C@@H]3c4ccc(O)cc4CC[C@H]3[C@@H]1CC[C@@H]2O,8.85
CHEMBL191716,Oc1ccc2cc(-c3cc(F)c(O)c(F)c3)ccc2c1,7.04
CHEMBL44,O=c1c(-c2ccc(O)cc2)coc2cc(O)cc(O)c12,6.4
CHEMBL92335,Cc1cc2c(cc1O)O[C@H](c1ccc(OCCN3CCCCC3)cc1)[C@H](c1ccc(O)cc1)S2,7.46
CHEMBL327471,Cc1cc(O)cc2c1O[C@H](c1ccc(OCCN3CCCCC3)cc1)[C@H](c1ccc(O)cc1)S2,7.65
CHEMBL327320,Oc1cccc([C@H]2Sc3cc(O)ccc3O[C@H]2c2ccc(OCCN3CCCC3)cc2)c1,9.05
CHEMBL98558,CC1(c2ccc(OCCN3CCCC3)cc2)c2ccc(O)cc2CCN1c1ccccc1,7.42
CHEMBL98558,CC1(c2ccc(OCCN3CCCC3)cc2)c2ccc(O)cc2CCN1c1ccccc1,8.74
CHEMBL371308,Oc1ccc2c(c1)sc1c3ccccc3n(Cc3ccc(OCCN4CCCC4)cc3)c21,7.57
CHEMBL415864,Oc1ccc(C(=Cc2ccccc2)c2ccc(O)cc2)cc1,6.82
CHEMBL215802,CCCC[C@@]12CCC(=O)C(Br)=C1c1ccc3[nH]nnc3c1C2,5.72
CHEMBL213070,CCCC12CCC(=O)C(Br)=C1c1ccc3[nH]nnc3c1C2,5.48
CHEMBL363412,Oc1ccc2c(c1)sc1c3ccccc3n(Cc3ccc(OCCN4CCCCC4)cc3)c21,7.41
CHEMBL1358,C[C@]12CC[C@@H]3c4ccc(O)cc4C[C@@H](CCCCCCCCC[S+]([O-])CCCC(F)(F)C(F)(F)F)[C@H]3[C@@H]1CC[C@@H]2O,8.4
CHEMBL135,C[C@]12CC[C@@H]3c4ccc(O)cc4CC[C@H]3[C@@H]1CC[C@@H]2O,8.89
CHEMBL1254532,Oc1ccc2nc(-c3ccccc3)n(Cc3ccc(OCCN4CCCCC4)cc3)c2c1,6.51
CHEMBL5864206,COCC(F)(F)CN1[C@H](c2ccc(NC3CN(CCCF)C3)cc2OC)c2ccc3[nH]ncc3c2C[C@H]1C,8.43
CHEMBL4751770,C[C@@H]1Cc2c(ccc3[nH]ncc23)[C@@H](c2ccc(N(C)C3CN(CCCF)C3)cn2)N1CC(F)(F)F,8.72
CHEMBL377694,CCCC12CCC(=O)C(Br)=C1c1ccc(O)cc1C2,7.1
CHEMBL212419,CC1=C2c3ccc(O)cc3CC2(C(C)C)CCC1=O,5.85
CHEMBL195311,Oc1ccc(-c2ccc3cc(O)ccc3c2)c(Cl)c1,8
CHEMBL135,C[C@]12CC[C@@H]3c4ccc(O)cc4CC[C@H]3[C@@H]1CC[C@@H]2O,8.49
CHEMBL187219,Oc1ccc2c(-c3ccc4c(O)cccc4c3)noc2c1,7.62
CHEMBL5802422,C[C@@H]1Cc2c([nH]c3ccccc23)[C@@H](c2c(F)cnc(OCCNCCCF)c2F)N1CC1(F)CC1,9
CHEMBL5928467,C[C@@H]1Cc2c([nH]c3ccc(F)cc23)[C@@H](c2c(F)cnc(OCCNCCCF)c2F)N1CC1(F)CC1,8.92
CHEMBL5849595,Cc1c(OCCNCCCF)ncc(F)c1[C@@H]1c2[nH]c3ccccc3c2C[C@@H](C)N1CC(F)(F)CO,9.37
CHEMBL5890760,C[C@@H]1Cc2c([nH]c3ccccc23)[C@@H](c2c(F)ccc(OCCNCCCF)c2Cl)N1CC(C)(C)C(=O)O,7.89
CHEMBL202738,O=c1c2c(O)cc(O)cc2ncn1-c1cccc(O)c1,4.36
CHEMBL5396127,C[C@@H]1Cc2c([nH]c3ccccc23)[C@@H](c2cccc(NCCNCCCF)c2)N1CC1(F)COC1,7.47
CHEMBL5399407,COc1ccc(OCCNCCCF)cc1[C@@H]1c2[nH]c3ccccc3c2C[C@@H](C)N1CC(F)F,8.68
CHEMBL5933859,C[C@@H]1Cc2c([nH]c3ccccc23)[C@@H](c2c(F)ccc(OCCNCCCF)c2F)N1CC1(F)COC1,8.8
CHEMBL5933849,C[C@@H]1Cc2c([nH]c3ccccc23)[C@@H](c2cccc(OCCNCCCF)c2Cl)N1CC(F)(F)F,9.06
CHEMBL5902781,C[C@@H]1Cc2c([nH]c3ccccc23)[C@@H](c2cc(OCCNCCCF)ccc2Cl)N1CC(F)(F)CO,9
CHEMBL5400637,Cc1c(OCCNCCCF)ccc(F)c1[C@@H]1c2[nH]c3ccccc3c2C[C@@H](C)N1CC(F)(F)CO,9.11
CHEMBL5757931,COc1ccc(OCCNCCCF)cc1[C@@H]1c2[nH]c3ccccc3c2C[C@@H](C)N1C[C@H](C)C(=O)O,6.82
CHEMBL6007627,Cc1ccc2[nH]c3c(c2c1)C[C@@H](C)N(CC(F)(F)CO)[C@@H]3c1c(F)ccc(OCCNCCCF)c1F,8.96
CHEMBL5818403,C[C@@H]1Cc2c([nH]c3ccccc23)[C@@](C)(c2cccc(OCCNCCCF)c2)N1CC(F)(F)F,7.28
CHEMBL5973051,C[C@@H]1Cc2c([nH]c3ccccc23)[C@@H](c2c(F)ccc(OCCNCCCF)c2F)N1CC1(S(C)(=O)=O)CC1,8.14
CHEMBL101083,CC1(c2ccc(OCCN3CCCCC3)cc2)c2ccc(O)cc2CCN1c1ccc(F)cc1,8.72
CHEMBL182237,Cc1cc(C)nc(N2CCN(c3ccc(C(=O)c4c(-c5ccc(O)cc5)sc5cc(O)ccc45)cc3)CC2)n1,8.67
CHEMBL63768,COc1cccc2c1-c1ccc(NS(C)(=O)=O)c(Br)c1C(c1ccccc1)O2,5.64
CHEMBL219390,,7.14
CHEMBL371012,Oc1ccc(-c2c(-c3ccccc3)[nH]c3ccccc23)cc1,7.62
CHEMBL539927,Oc1ccc([C@@H]2Sc3cc(O)ccc3O[C@@H]2c2ccc(OCCN3CCCCC3)cc2)cc1,7.64
CHEMBL347560,CN(CCCc1ccc(Cl)cc1)c1nc(NCCc2ccc(O)cc2)nc(N2CCN(CCO)CC2)n1,7.52
CHEMBL316003,CCc1c(-c2ccc(O)cc2)oc(-c2ccc(O)cc2)c1-c1ccc(OCCN2CCCCC2)cc1,7.19
CHEMBL83,CC/C(=C(\c1ccccc1)c1ccc(OCCN(C)C)cc1)c1ccccc1,5.59
CHEMBL5745065,Cc1cc2cc(C3=C(c4ccc(O[C@H]5CCN(CCCF)C5)cc4)c4ccc(O)cc4CCC3)ccc2[nH]1,8.05
CHEMBL4172852,CN1CC=C(C2=C(c3ccc(O[C@H]4CCN(CCCF)C4)cc3)c3ccc(O)cc3CCC2)CC1,6.03
CHEMBL5841012,CCOc1ccc(C2=C(c3ccc(O[C@H]4CCN(CCCF)C4)cc3)c3ccc(O)cc3CCC2)c(C)c1,8
CHEMBL6019511,Cc1cccc(C2=C(c3ccc(O[C@H]4CCN(CCCF)C4)cc3)c3ccc(O)cc3CCC2)c1C,8.7
CHEMBL5812024,Cc1cc(Cl)ccc1C1=C(c2ccc(O[C@H]3CCN(CCCF)C3)cc2)c2ccc(O)cc2CCC1,7.5
CHEMBL195371,Oc1ccc2c(c1)sc1c3ccccc3n(Cc3ccc(OCCN4CCCCCC4)cc3)c21,7.75
CHEMBL264216,Oc1ccc2c(c1)sc1c3cc(O)ccc3n(Cc3ccc(OCCN4CCCCCC4)cc3)c21,8.48
CHEMBL370282,Oc1ccc2c(c1)sc1c3cc(O)ccc3n(Cc3ccc(OCCN4CCOCC4)cc3)c21,8
CHEMBL196131,Oc1ccc2c(c1)sc1c3cc(O)ccc3n(Cc3ccc(OCCN4CCCCC4)cc3)c21,8.55
CHEMBL328190,Oc1ccc2c(c1)CC[C@H](c1ccccc1)[C@@H]2c1ccc(OCCN2CCCC2)cc1,8.4
CHEMBL372029,CN1CCC(c2ccc(C3c4ccc(O)cc4CCN3c3cccc(O)c3)cc2)CC1,6.97
CHEMBL187314,Oc1ccc2cc(-c3nc4ccc(O)cc4o3)ccc2c1,6.11
CHEMBL187313,Oc1ccc2cc(-c3nc4cc(O)ccc4o3)ccc2c1,5.42
CHEMBL100231,CC(C)c1ccc(N2CCc3cc(O)ccc3C2(C)c2ccc(OCCN3CCCCC3)cc2)cc1,7.15
CHEMBL511812,CC[C@@]12C[C@H](O)[C@](O)(c3ccccc3)C[C@H]1CCc1cc(O)ccc12,5.47
CHEMBL71584,Oc1ccc([C@@H]2Sc3ccc(O)cc3O[C@@H]2c2ccc(OCCN3CCCCC3)cc2)cc1,8.3
CHEMBL328716,Oc1ccc([C@@H]2Sc3c(ccc(O)c3F)O[C@@H]2c2ccc(OCCN3CCCCC3)cc2)cc1,8.6
CHEMBL183371,CC1(C)CCCN1CCOc1ccc([C@@H]2Oc3ccc(O)cc3S[C@@H]2c2ccc(O)cc2)cc1,9.05
CHEMBL181944,C[C@@H](CN1CCCC1)Oc1ccc([C@@H]2Oc3ccc(O)cc3S[C@@H]2c2ccc(O)cc2)cc1,8.6
CHEMBL4803534,OCCC/C(=C(\c1ccc(O)cc1)c1ccc(OCCN2CC3CC3C2)cc1)c1ccccc1,6.36
CHEMBL4802716,CC(C)N1CCC(c2ccc(/C(=C(/CCCO)c3ccccc3)c3ccc(O)cc3)cc2)CC1,5.36
CHEMBL214558,C[C@]12CCC3c4ccc(O)cc4C[C@@H](CCCCCCCC[C@H](CCCC(F)(F)C(F)(F)C(F)(F)C(F)(F)F)C(=O)O)C3C1CCC2=O,7.3
CHEMBL226379,Oc1ccc2c(Oc3ccc(OCCN4CCCCC4)cc3)c(-c3ccc(NCCCl)cc3)sc2c1,7.45
CHEMBL231810,O/N=C/c1ccc(-c2ccc(O)c(F)c2)c2ccccc12,6.83
CHEMBL3360844,O=C1[C@@H](c2ccc(O)cc2)[C@H](c2ccc(O)cc2)N1c1ccc(O)cc1,5.96
CHEMBL3360849,COc1cc([C@H]2[C@H](c3ccc(O)cc3)C(=O)N2c2ccc(O)cc2)cc(OC)c1OC,4.75
CHEMBL373743,Oc1ccc(-c2nn(C3CCCC3)c3c(F)cccc23)cc1,7.75
CHEMBL1083194,O=C1CCC(=O)N1CCOc1ccc([C@H]2Oc3cc(O)ccc3C3=C2c2ccc(O)cc2OCC3)cc1,8.32
CHEMBL1087298,Oc1ccc2c(c1)OCCC1=C2[C@@H](c2ccc(OCCN3CCCCC3)cc2)Oc2ccccc21,8.24
CHEMBL3288736,CN(C)CCOc1ccc(C23CC4CC(CC(c5ccc(O)cc5)(C4)C2)C3)cc1,5.97
CHEMBL315761,Oc1ccc2c(c1)S[C@H](c1ccco1)[C@H](c1ccc(OCCN3CCCCC3)cc1)O2,7.46
CHEMBL25228,O=C1c2ccccc2C(=O)C12C(c1ccc(O)cc1)=Cc1cc(O)ccc12,7.04
CHEMBL523654,C=C(C)C(O)Cc1c(O)c(CC=C(C)C)c(O)c2c(=O)c(-c3ccc(O)c(O)c3)coc12,4.75
CHEMBL203283,Cc1cc(O)ccc1-n1cnc2cc(O)cc(O)c2c1=O,5.36
CHEMBL379213,COc1cc(O)c2c(=O)n(-c3ccc(O)cc3)cnc2c1,4.59
CHEMBL202894,CCc1nc2cc(O)cc(O)c2c(=O)n1-c1ccc(O)cc1,4.71
CHEMBL380359,O=c1c2c(CO)cc(O)cc2ncn1-c1ccc(O)cc1,6.92
CHEMBL206286,Nc1cc(O)cc2ncn(-c3ccc(O)cc3)c(=O)c12,4.81
CHEMBL206773,O=c1[nH]c2cc(O)cc(O)c2c(=O)n1-c1ccc(O)cc1,4.15
CHEMBL201013,CN(C)CCOc1ccc(/C(=C(/CCCO)c2ccccc2)c2ccc(O)cc2)cc1,5.7
CHEMBL44,O=c1c(-c2ccc(O)cc2)coc2cc(O)cc(O)c12,5.71
CHEMBL213337,CC[C@@H]1CC[C@@H]2C[C@]13Cc1cc(O)ccc1C3=C(C)C2=O,6.84
CHEMBL212456,CC[C@@]12CCC(=O)C(C)=C1c1ccc(O)cc1C2,5.92
CHEMBL214972,O=C1CCC2(Cc3ccccc3)Cc3cc(O)ccc3C2=C1c1ccc(O)cc1,6.66
CHEMBL208085,Oc1ccc2c(c1)O[C@H](c1ccc(OCCN3CCCCC3)cc1)C1=C2COc2cc(O)ccc21,7.29
CHEMBL385514,CCCCC1=C2c3ccc(O)cc3CC2(Cc2ccccc2)CCC1=O,6.58
CHEMBL204222,C=CCc1cc(C)cc2c(=O)oc3c(C)c(O)ccc3c12,5
CHEMBL204056,Cc1cc(Br)c2c(c1)c(=O)oc1c(C)c(O)ccc12,5.51
CHEMBL380358,Cc1c(O)ccc2c1oc(=O)c1c(C)ccc(C)c12,5.51
CHEMBL219126,O=C1C[C@@H](c2ccc(O)cc2)Oc2c(Cc3ccccc3)c(O)cc(O)c21,6.3
CHEMBL190487,O=C1C(c2ccc(O)cc2)=C(Br)c2c(O)cc(O)cc21,6.15
CHEMBL367574,C[C@@H]1CN(CCOc2ccc([C@@H]3Oc4ccc(O)cc4S[C@@H]3c3ccc(O)cc3)cc2)C[C@@H]1C,9.15
CHEMBL182980,C[C@H]1CN(CCOc2ccc([C@@H]3Oc4ccc(O)cc4S[C@@H]3c3ccc(O)cc3)cc2)C[C@@H]1C,9.3
CHEMBL192102,Oc1ccc(-c2ccc3c(-c4ccccc4)c(O)ccc3c2)cc1,5.91
CHEMBL195878,Oc1ccc(-c2ccc3cc(O)ccc3c2)c(F)c1,7.62
CHEMBL183344,C[C@H]1CCCN1CCOc1ccc([C@@H]2Oc3ccc(O)cc3S[C@@H]2c2ccc(O)cc2)cc1,9.1
CHEMBL101997,CC1(c2ccc(OCCN3CCCC3)cc2)c2ccc(O)cc2CCN1c1ccc(F)cc1,8.8
CHEMBL194265,Oc1ccc2nc(-c3ccc(O)c(F)c3)cc(Br)c2c1,6.55
CHEMBL440757,C#Cc1cc(-c2ccc(O)cc2)nc2ccc(O)cc12,5.82
CHEMBL451496,O=C1c2ccc(O)cc2C(=O)N1c1ccc(O)cc1F,7.28
CHEMBL198204,C#Cc1cc(-c2cc(F)c(O)c(F)c2)nc2ccc(O)cc12,5.32
CHEMBL183152,N#CCc1cc(O)c(Cl)c2cc(-c3ccc(O)cc3)oc12,6.2
CHEMBL135,C[C@]12CC[C@@H]3c4ccc(O)cc4CC[C@H]3[C@@H]1CC[C@@H]2O,7.9
CHEMBL188189,Oc1ccc2c(-c3ccc(O)c(F)c3)noc2c1,6.79
CHEMBL189822,Cc1cc(O)ccc1-c1noc2cc(O)ccc12,6.32
CHEMBL144897,Oc1ccc2c(c1)C=C(c1ccccc1)C21Cc2ccccc2C1,7.62
CHEMBL24950,Oc1cccc(C2=Cc3cc(O)ccc3C23Cc2ccccc2C3)c1,7.46
CHEMBL78413,O=c1c2cc(O)ccc2oc2c1oc1ccc(O)cc12,6.75
CHEMBL24950,Oc1cccc(C2=Cc3cc(O)ccc3C23Cc2ccccc2C3)c1,7.55
CHEMBL319678,CC1(c2ccc(OCCN3CCCC3)cc2)c2ccc(O)cc2CCN1c1cccc(Cl)c1,8.54
CHEMBL90794,CC1CCCC(C)N1CCOc1ccc([C@@H]2Oc3ccc(O)cc3S[C@@H]2c2cccc(O)c2)cc1,8.47
CHEMBL135,C[C@]12CC[C@@H]3c4ccc(O)cc4CC[C@H]3[C@@H]1CC[C@@H]2O,7.96
CHEMBL319211,CC1(c2ccc(OCCN3CCCC3)cc2)c2ccc(O)cc2CCN1c1cccc(F)c1,7.41
CHEMBL83,CC/C(=C(\c1ccccc1)c1ccc(OCCN(C)C)cc1)c1ccccc1,5.59
CHEMBL2071182,O=C(Oc1cccc2c(O)cccc12)c1ccc(Br)cc1,5.72
CHEMBL2071181,CCOc1ccccc1C(=O)Oc1ccc2ccc(O)cc2c1,5.48
CHEMBL1441930,Cc1ccccc1S(=O)(=O)Oc1cccc2c(O)cccc12,6.59
CHEMBL316080,Oc1ccc2c(c1)CCN(c1ccccc1)C2c1ccc(OCCN2CCCC2)cc1,7.68
CHEMBL5864449,COc1ccc(C2=C(c3ccc(O[C@H]4CCN(CCCF)C4)cc3)c3ccc(O)cc3CCC2)c(F)c1,8.7
CHEMBL135,C[C@]12CC[C@@H]3c4ccc(O)cc4CC[C@H]3[C@@H]1CC[C@@H]2O,7.55
CHEMBL5764974,Oc1ccc2c(c1)CCCC(c1ccc(S(F)(F)(F)(F)F)cc1)=C2c1ccc(O[C@H]2CCN(CCCF)C2)cc1,7.17
CHEMBL135,C[C@]12CC[C@@H]3c4ccc(O)cc4CC[C@H]3[C@@H]1CC[C@@H]2O,8.89
CHEMBL81,O=C(c1ccc(OCCN2CCCCC2)cc1)c1c(-c2ccc(O)cc2)sc2cc(O)ccc12,6.65
CHEMBL81,O=C(c1ccc(OCCN2CCCCC2)cc1)c1c(-c2ccc(O)cc2)sc2cc(O)ccc12,9.15
CHEMBL4214332,CC1(C)CC(=O)C2=C(C1)OC1=C(C(=O)CCC1)C2c1cc2ccccc2n1Cc1ccccc1,4.74
CHEMBL1116,Cl.O=C(c1ccc(OCCN2CCCCC2)cc1)c1c(-c2ccc(O)cc2)sc2cc(O)ccc12,8.7
CHEMBL33899,CC/C(=C(\c1ccccc1)c1ccc(/C=C/C(=O)O)cc1)c1ccccc1,6.18
CHEMBL1359354,O=C(c1cc(-c2ccco2)on1)N1CCc2ccccc2C1,4.49
CHEMBL1516948,Cc1cccc(NC2=NC(=O)/C(=C3/C(=O)N(C)c4ccccc43)S2)c1C,4.48
CHEMBL1086644,Oc1ccc2c(c1)OC(c1ccc(OCCN3CCCCC3)cc1)C1=C2CCCOc2cc(O)ccc21,6.55
CHEMBL1329686,CC1Cc2ccccc2N1C(=O)CSc1nnc(NC(=O)Cc2cccs2)s1,4.47
CHEMBL1604500,O=Cc1cn(-c2ccccc2)nc1-c1cc2c(ccc3ccccc32)oc1=O,4.71
CHEMBL1604803,O=C(CSc1nnc(SCC(=O)c2ccco2)s1)c1ccco1,4.67
CHEMBL1487772,CC(=O)Nc1ccc2nc(C)cc(O)c2c1,4.68
CHEMBL1340020,Cc1ccc(-n2nnnc2SCC(=O)Nc2ccc3c(c2)COC3=O)cc1C,4.57
CHEMBL150924,O=C(O)c1cc(-c2ccco2)nc2ccccc12,4.63
CHEMBL5425664,N#C[Se]CCCCCC(=O)Nc1ccc(C2=C(c3ccc(O)cc3)C3CC(S(=O)(=O)Oc4ccccc4F)C2O3)cc1,6
CHEMBL5418245,N#C[Se]CCCCCC(=O)Nc1ccc(C2=C(c3ccc(O)cc3)C3CC(S(=O)(=O)N(CC(F)(F)F)c4ccccc4F)C2O3)cc1,7.25
CHEMBL178679,O=C(c1ccc(N2CCN(c3ccc(Cl)cc3)CC2)cc1)c1c(-c2ccc(O)cc2)sc2cc(O)ccc12,9.66
CHEMBL373625,,8.16
CHEMBL441499,O=C(c1ccc(N2CCN(C(=O)c3cccc(O)c3)CC2)cc1)c1c(-c2ccc(O)cc2)sc2cc(O)ccc12,8.86
CHEMBL2112471,O=C(O)CCCOc1ccc(/C(=C/CCc2ccccc2)c2cccc(O)c2)cc1,5.77
CHEMBL192055,CCC1CN(c2ccc(C3c4ccc(O)cc4CCN3c3ccccc3)cc2)CCN1C,6.79
CHEMBL427533,CN1CCN(c2ccc(C3c4ccc(O)cc4CCN3c3ccccc3)cc2)CC1,7.26
CHEMBL192187,CN1CCC(c2ccc(C3c4ccc(O)cc4CCN3c3ccc(F)cc3)cc2)CC1,7.06
CHEMBL328810,CC1(c2ccc(OCCN3CCCCCC3)cc2)c2ccc(O)cc2CCN1c1ccccc1,8.82
CHEMBL2112470,CC[C@](C)(c1ccccc1)[C@@H](c1ccc(O)cc1)c1ccc(OCCCC(=O)O)cc1,5.22
CHEMBL2137046,CCC(=C(c1ccc(O)cc1)c1ccc(OCCN(C)C)cc1)c1ccccc1,7.99
CHEMBL145576,CC1=C(c2ccc(O)cc2)C2(Cc3ccccc3C2)c2ccc(O)cc21,7.72
CHEMBL312186,O=c1c2c(O)cc(O)cc2oc2oc3cc(O)ccc3c12,7.55
CHEMBL93546,Oc1ccc2c(c1)SC(c1ccc(F)cc1)C(c1ccc(OCCN3CCCCC3)cc1)O2,7.03
CHEMBL81,O=C(c1ccc(OCCN2CCCCC2)cc1)c1c(-c2ccc(O)cc2)sc2cc(O)ccc12,8.62
CHEMBL100231,CC(C)c1ccc(N2CCc3cc(O)ccc3C2(C)c2ccc(OCCN3CCCCC3)cc2)cc1,7.15
CHEMBL83,CC/C(=C(\c1ccccc1)c1ccc(OCCN(C)C)cc1)c1ccccc1,7.38
CHEMBL264862,CC1Oc2cc(O)cc(O)c2N=C1c1ccc(O)cc1,5.55
CHEMBL1088337,O=C1CCC(=O)N1CCOc1ccc([C@@H]2Oc3cc(O)ccc3C3=C2c2ccc(O)cc2OCC3)cc1,8.21
CHEMBL1084127,CN(C)CCOc1ccc([C@@H]2Oc3ccccc3C3=C2c2ccc(O)cc2OCC3)cc1,7.89
CHEMBL1087919,CN(C)CCOc1ccc([C@@H]2Oc3cc(O)ccc3C3=C2c2ccccc2OCC3)cc1,6.8
CHEMBL1082528,Oc1ccc2c(c1)OCCC1=C2[C@H](c2ccc(OCCN3CCCCCC3)cc2)Oc2cc(F)ccc21,6.79
CHEMBL1087289,Oc1ccc2c(c1)O[C@H](c1ccc(OCCN3CCCCC3)cc1)C1=C2CCOc2ccccc21,8
CHEMBL1084120,CCN(CC)CCOc1ccc([C@@H]2Oc3cc(F)ccc3C3=C2c2ccc(O)cc2OCC3)cc1,5.92
CHEMBL1082528,Oc1ccc2c(c1)OCCC1=C2[C@H](c2ccc(OCCN3CCCCCC3)cc2)Oc2cc(F)ccc21,5.87
CHEMBL204970,CN(C)CCOc1ccc(/C(=C(/CCC#N)c2ccccc2)c2ccc(O)cc2)cc1,6.7
CHEMBL202691,CCN(c1ccccc1)S(=O)(=O)c1ccc(O)c(C)c1,6.48
CHEMBL202472,CCCN(c1c(CC)cccc1CC)S(=O)(=O)c1ccc(O)c(C)c1,8.3
CHEMBL202500,CCCN(c1c(C)cccc1Cl)S(=O)(=O)c1ccc(O)c(C)c1,7.58
CHEMBL135,C[C@]12CC[C@@H]3c4ccc(O)cc4CC[C@H]3[C@@H]1CC[C@@H]2O,8.4
CHEMBL391909,C[C@@H](CCc1ccc(O)cc1)NC(=O)Cc1c(-c2ccccc2)[nH]c2ccccc12,7.43
CHEMBL393179,C[C@H](CCc1ccc(O)cc1)NC(=O)Cc1c(-c2ccccc2)[nH]c2ccc(OCCN3CCCCC3)cc12,6.42
CHEMBL203561,C#CC[C@]12CC[C@H](O)CC1=CCC1C2CC[C@@]2(C)C1CC[C@@H]2O,5.33
CHEMBL492262,CC(C)CCc1cc(NCC(C)C)nc(OCC(C)C)n1,5.16
CHEMBL494492,CC(C)CCc1cc(NCC(C)C)nc(NCc2cccc3ccccc23)n1,5.39
CHEMBL494121,CC(C)CCc1cc(NCc2ccccc2)nc(NCc2ccccc2)n1,5.08
CHEMBL495135,CC(C)CNc1cc(CCc2ccccc2)nc(NCc2ccccc2)n1,5.35
CHEMBL1081361,C[C@]12CC[C@@H]3c4cc(Cl)c(O)cc4CC[C@H]3[C@@H]1CCCC2=O,6.11
CHEMBL135,C[C@]12CC[C@@H]3c4ccc(O)cc4CC[C@H]3[C@@H]1CC[C@@H]2O,8
CHEMBL101719,CN(C)c1cccc(N2CCc3cc(O)ccc3C2(C)c2ccc(OCCN3CCCCC3)cc2)c1,7.15
CHEMBL1472407,Cc1nc2cccc(C(=O)NCc3ccccc3)c2o1,4.32
CHEMBL1577661,CC(C)CN(C(=O)COC(=O)c1cc2c(s1)CCC2)C1CCS(=O)(=O)C1,5.53
CHEMBL1320937,O=C(Cc1cn2ccsc2n1)OCc1nc2ccccc2s1,5.16
CHEMBL1596554,CCn1c2ccccc2c2cc(NC(=O)CSc3nnc(-c4ccc(OC)cc4)n3N)ccc21,4.91
CHEMBL83451,Oc1ccc2c(c1)S[C@H](c1ccncc1)[C@H](c1ccc(OCCN3CCCCC3)cc1)O2,6.31
CHEMBL85536,Oc1ccc2c(c1)S[C@H](Cc1ccccc1)[C@H](c1ccc(OCCN3CCCCC3)cc1)O2,8.13
CHEMBL226327,Oc1ccc2c(Oc3ccc(OCCN4CCCCC4)cc3)c(-c3ccccc3)sc2c1,7.96
CHEMBL214034,CC[C@@]12CCC(=O)C(Br)=C1c1ccc3[nH]ncc3c1C2,6.6
CHEMBL379567,CCC12CCC(=O)C(C)=C1c1ccc3[nH]ncc3c1C2=O,6.21
CHEMBL211887,CC[C@@]12CCC(=O)C(Cl)=C1c1ccc3[nH]nc(F)c3c1C2,7.09
CHEMBL2401849,CC/C(=C(\c1ccccc1)c1ccc(OCCN(C)Cc2ccc(NC(=O)CCCCCCC(=O)NO)cc2)cc1)c1ccccc1,6.9
CHEMBL85090,Oc1ccc2c(c1)S[C@H](C1CCCCC1)[C@H](c1ccc(OCCN3CCCCC3)cc1)O2,8.59
CHEMBL3427409,O=C(O)/C=C/c1ccc(Cc2c(-c3ccc(OC(F)(F)F)cc3)c(=O)oc3ccccc23)cc1,6.44
CHEMBL3427391,O=C(O)/C=C/c1ccc(Cc2c(-c3ccc(C(F)(F)F)cc3)c(=O)oc3cc(O)ccc23)cc1,6.28
CHEMBL3427402,Cc1cc(OC(F)(F)F)ccc1-c1c(Oc2ccc(/C=C/C(=O)O)cc2)c2ccc(O)cc2oc1=O,8.57
CHEMBL3427407,Cc1cc(F)ccc1-c1c(Oc2ccc(/C=C/C(=O)O)cc2)c2ccc(O)c(F)c2oc1=O,6.29
CHEMBL5819177,CCOc1cc(F)c(C2=C(c3ccc(O[C@H]4CCN(CCCF)C4)cc3)c3ccc(O)cc3CCC2)cc1F,6.47
CHEMBL6004703,Oc1ccc2c(c1)CCCC(c1cncc(F)c1)=C2c1ccc(O[C@H]2CCN(CCCF)C2)cc1,6.72
CHEMBL5815786,COc1ncc(C2=C(c3ccc(O[C@H]4CCN(CCCF)C4)cc3)c3ccc(O)cc3CCC2)cc1F,7.15
CHEMBL5844929,COc1ccc(C2=C(c3ccc(O[C@H]4CCN(CCCF)C4)cc3)c3ccc(O)cc3CCC2)c(F)n1,7.77
CHEMBL5788112,COc1c(F)cc(C2=C(c3ccc(O[C@H]4CCN(CCCF)C4)cc3)c3ccc(O)cc3CCC2)cc1F,8.1
CHEMBL122237,Oc1ccc([C@H]2Sc3cc(O)ccc3O[C@H]2c2ccc(COCCN3CCCCC3)cc2)cc1,8.64
CHEMBL1082224,Oc1ccc2c(c1)OCCC1=C2[C@@H](c2ccc(OCCN3CCCCCC3)cc2)Oc2cc(F)ccc21,8.48
CHEMBL1088344,COc1ccc2c(c1)OCCC1=C2[C@H](c2ccc(OCCN3CCCCC3)cc2)Oc2cc(O)ccc21,8.38
CHEMBL1087297,Oc1ccc2c(c1)OCCC1=C2[C@H](c2ccc(OCCN3CCCCCC3)cc2)Oc2ccccc21,8.35
CHEMBL1085669,CC(C)N(CCOc1ccc([C@H]2Oc3cc(O)ccc3C3=C2c2ccc(O)cc2OCC3)cc1)C(C)C,8.27
CHEMBL1087919,CN(C)CCOc1ccc([C@@H]2Oc3cc(O)ccc3C3=C2c2ccccc2OCC3)cc1,7.96
CHEMBL1082529,CN(C)CCOc1ccc([C@H]2Oc3cc(O)ccc3C3=C2c2ccccc2OCC3)cc1,6.75
CHEMBL1087041,Oc1ccc2c(c1)O[C@@H](c1cccc(OCCN3CCCCC3)c1)C1=C2CCOc2cc(O)ccc21,6.72
CHEMBL1087289,Oc1ccc2c(c1)O[C@H](c1ccc(OCCN3CCCCC3)cc1)C1=C2CCOc2ccccc21,6.59
CHEMBL1087547,Oc1ccc2c(c1)O[C@@H](c1ccc(OCCCN3CCCCC3)cc1)C1=C2CCOc2cc(O)ccc21,6.23
CHEMBL1087811,Oc1ccc2c(c1)O[C@H](c1ccc(OCCN3CCOCC3)cc1)C1=C2CCOc2cc(O)ccc21,6.09
CHEMBL1359893,COc1ccc(Cl)cc1NC(=O)c1ocnc1C,4.6
CHEMBL1538325,NC(=O)C1(N2CCCCC2)CCN(c2nc(-c3ccc(Br)cc3)cs2)CC1,4.42
CHEMBL1606490,CCc1nnc2n1N=C(c1ccc(-c3cc(Cl)ccc3Cl)o1)CS2,4.36
CHEMBL1401227,CCCc1nnc2n1N=C(c1ccc(-c3cc(Cl)ccc3Cl)o1)CS2,4.87
CHEMBL3856091,NC(=S)n1[nH]c(-c2ccc([N+](=O)[O-])cc2)c(/N=N/c2ccc(O)cc2)c1=O,4.96
CHEMBL1302802,C=CCn1c(SCC(=O)NC(=O)NCc2ccco2)nc2sc(CC)cc2c1=O,5
CHEMBL1322601,COc1ccc(Cn2c(=O)[nH]c3cc(C(=O)NCc4ccc5c(c4)OCO5)ccc3c2=O)cc1,4.72
CHEMBL1428161,CCOCCCNC(=O)c1cnc2ccc(S(=O)(=O)Nc3cccc(OC)c3)cc2c1O,4.45
CHEMBL1469743,O=Cc1ccc2oc3nc4n(c(=O)c3c(=O)c2c1)CCCS4,4.75
CHEMBL1491959,CCc1ccc2nc(O)c(CN(Cc3ccc4c(c3)OCO4)C(=O)c3ccco3)cc2c1,4.58
CHEMBL6018540,COCC(C)(F)CN1[C@H](c2ccc(NC3CN(CCCF)C3)cc2OC)c2ccc3[nH]ncc3c2C[C@H]1C,4.77
CHEMBL4759597,COc1cc(NC2CN(CCCF)C2)ccc1[C@@H]1c2ccc3[nH]ncc3c2C[C@@H](C)N1CC(F)(F)F,5.11
CHEMBL5986059,COc1cc(OC2CN(CCCF)C2)ccc1[C@@H]1c2ccc3[nH]ncc3c2C[C@@H](C)N1CC(F)(F)CO,4.96
CHEMBL5877643,Cc1c(OCCN(C)CCCF)ncc(F)c1[C@@H]1c2[nH]c3ccccc3c2C[C@@H](C)N1C(C)CC(=O)O,9.05
CHEMBL25580,O=C1c2ccccc2C(=O)C12C(c1cccc(O)c1)=Cc1cc(O)ccc12,6.44
CHEMBL315271,Oc1ccc2c(c1)S[C@H](CC1CCCC1)[C@H](c1ccc(OCCN3CCCCC3)cc1)O2,8.52
CHEMBL5954593,C[C@@H]1Cc2c([nH]c3ccccc23)[C@@H](c2cc(OCCNCCCF)ncc2F)N1CC(F)(F)F,8.85
CHEMBL5184413,CC(F)(F)c1cc(F)ccc1-c1sc2c(ccc3[nH]ncc32)c1Oc1ccc(NC2CN(CCCF)C2)c(F)c1,8.96
CHEMBL195466,Oc1cccc(N2CCc3cc(O)ccc3C2c2ccc(N3CCN(C4CCCC4)CC3)cc2)c1,6.91
CHEMBL195216,CCN1CCN(c2ccc(C3c4ccc(O)cc4CCN3c3ccccc3)cc2)CC1C,7.42
CHEMBL185783,Oc1ccc(-c2nc3cc(O)cc(-c4ccccc4)c3o2)cc1,5.89
CHEMBL363902,Oc1ccc(-c2nc3cc(O)cc(-c4nccs4)c3o2)cc1,5.87
CHEMBL192782,Oc1ccc(-c2ccc3c(F)c(O)ccc3c2)cc1,7.11
CHEMBL195212,Oc1ccc2c(c1)CCN(c1ccccc1)C2c1ccc(N2CCN3CCCCC3C2)cc1,7.2
CHEMBL187000,C/C=C\c1cc(O)cc2nc(-c3ccc(O)cc3F)oc12,6.27
CHEMBL189356,C=CCc1cc(O)cc2nc(-c3ccc(O)cc3F)oc12,7.01
CHEMBL81,O=C(c1ccc(OCCN2CCCCC2)cc1)c1c(-c2ccc(O)cc2)sc2cc(O)ccc12,7.66
CHEMBL8145,O=c1c(-c2ccc(O)cc2)coc2cc(O)ccc12,4.77
CHEMBL33625,O/N=C1\c2ccc(O)cc2O[C@H](c2ccc(OCCN3CCCCC3)cc2)[C@@H]1c1ccc(O)cc1,5.98
CHEMBL372011,CN1CCC(c2ccc(C3c4ccc(O)cc4CCN3c3cccc(F)c3)cc2)CC1,6.82
CHEMBL246138,C=C[C@]12CC[C@H](O)CC1=CC[C@H]1[C@@H]3CC[C@H](O)[C@@]3(C)CC[C@@H]12,5.65
CHEMBL249700,C=C1C=C2CC[C@H]3[C@@H]4CC[C@H](O)[C@@]4(C)CC[C@@H]3[C@@]2(C)CC1,6.19
CHEMBL249903,C=C[C@]12CCC(CC)=CC1=CC[C@H]1[C@@H]3CC[C@H](O)[C@@]3(C)CC[C@@H]12,5.51
CHEMBL200483,Oc1ccc(-n2c(-c3ccccc3)nc3ccccc32)cc1,5.75
CHEMBL5396127,C[C@@H]1Cc2c([nH]c3ccccc23)[C@@H](c2cccc(NCCNCCCF)c2)N1CC1(F)COC1,7.47
CHEMBL5978538,C[C@@H]1Cc2c([nH]c3ccccc23)[C@@H](c2c(F)ccc(OCCNCCCF)c2F)N1CC(F)(F)F,8.92
CHEMBL5427839,C[C@@H]1Cc2c([nH]c3ccccc23)[C@@H](c2cccc(OCCNCCCF)c2F)N1CC(F)(F)F,8.7
CHEMBL198089,C=Cc1cc(-c2ccc(O)cc2)nc2ccc(O)cc12,6.3
CHEMBL372304,COc1cc(-c2ccc(O)cc2)nc2ccc(O)cc12,5.18
CHEMBL4780699,FCCCN1CC(Nc2ccc([C@@H]3c4ccc5[nH]ncc5c4C[C@@H](C(F)F)N3CC(F)F)nc2)C1,5.04
CHEMBL6051128,COc1cc(N(C)C2CN(CCCF)C2)ccc1[C@@H]1c2ccc3[nH]ncc3c2C[C@@H](C)N1CC1(F)CC1,5.7
CHEMBL4753585,C[C@@H]1Cc2c(ccc3[nH]ncc23)[C@@H](c2ccc(NC3CN(CCCF)C3)cn2)N1CC(C)(C)F,4.89
CHEMBL5883091,CC(F)CN1[C@H](c2ccc(NC3CN(CCCF)C3)cn2)c2ccc3[nH]ncc3c2C[C@H]1C,4.58
CHEMBL1084746,CC(C)=CCc1c([C@H]2CCc3ccc(O)cc3O2)ccc(O)c1O,4.24
CHEMBL1082864,COc1ccc2c(c1)O[C@@H](c1ccc(OCCN3CCCCC3)cc1)C1=C2CCOc2cc(O)ccc21,8.2
CHEMBL1084129,CCN(CC)CCOc1ccc([C@@H]2Oc3ccccc3C3=C2c2ccc(O)cc2OCC3)cc1,8.05
CHEMBL1083179,Oc1ccc2c(c1)O[C@@H](c1ccc(OCCN3CCSCC3)cc1)C1=C2CCOc2cc(O)ccc21,6.96
CHEMBL1087811,Oc1ccc2c(c1)O[C@H](c1ccc(OCCN3CCOCC3)cc1)C1=C2CCOc2cc(O)ccc21,7.37
CHEMBL1087545,Oc1ccc2c(c1)O[C@H](c1ccc(OCCN3CCCCCC3)cc1)C1=C2CCOc2cc(O)ccc21,6.66
CHEMBL1082224,Oc1ccc2c(c1)OCCC1=C2[C@@H](c2ccc(OCCN3CCCCCC3)cc2)Oc2cc(F)ccc21,5.89
CHEMBL1087288,Oc1ccc2c(c1)O[C@H](c1ccc(OCCN3CCCCCC3)cc1)C1=C2CCOc2ccccc21,5
CHEMBL441366,CCCC[C@@]12CCC(=O)C(CC)=C1c1ccc3[nH]nnc3c1C2,6.66
CHEMBL125119,Oc1ccc([C@H]2Sc3cc(O)ccc3O[C@H]2c2ccc(C3CCNCC3)cc2)cc1,8.77
CHEMBL377224,O=C1CCC2(c3ccccc3)Cc3cc(O)ccc3C2=C1c1ccco1,6.41
CHEMBL379109,CCCCC12CCC(=O)C(Cl)=C1c1ccc(O)cc1C2,6.94
CHEMBL1358,C[C@]12CC[C@@H]3c4ccc(O)cc4C[C@@H](CCCCCCCCC[S+]([O-])CCCC(F)(F)C(F)(F)F)[C@H]3[C@@H]1CC[C@@H]2O,7.89
CHEMBL206336,Cc1cc(O)cc2ncn(-c3ccc(O)cc3)c(=O)c12,5.02
CHEMBL202248,CCN(c1ccccc1Br)S(=O)(=O)c1ccc(O)cc1,7.05
CHEMBL425399,CCN(c1ccccc1OC)S(=O)(=O)c1ccc(O)cc1,6.08
CHEMBL382598,CCCN(c1ccccc1C(F)(F)F)S(=O)(=O)c1ccc(O)cc1,7.27
CHEMBL183584,C[C@@H]1CCN(CCOc2ccc([C@@H]3Oc4ccc(O)cc4S[C@@H]3c3ccc(O)cc3)cc2)C1,8.52
CHEMBL180300,C[C@@H](COc1ccc([C@@H]2Oc3ccc(O)cc3S[C@@H]2c2ccc(O)cc2)cc1)N1CCCC1,8.89
CHEMBL81,O=C(c1ccc(OCCN2CCCCC2)cc1)c1c(-c2ccc(O)cc2)sc2cc(O)ccc12,8.74
CHEMBL198803,C[C@@H](COc1ccc(C(=O)c2c(-c3ccc(O)cc3)sc3cc(O)ccc23)cc1)N1CCCC1,9.7
CHEMBL197495,C[C@@H](COc1ccc([C@@H]2c3ccc(O)cc3CC[C@@H]2c2ccccc2)cc1)N1CCCC1,9.22
CHEMBL101083,CC1(c2ccc(OCCN3CCCCC3)cc2)c2ccc(O)cc2CCN1c1ccc(F)cc1,8.52
CHEMBL195515,CC/C(=C(\c1ccc(O)cc1)c1ccc(/C=C/C(=O)O)cc1)c1ccccc1,6.62
CHEMBL1358,C[C@]12CC[C@@H]3c4ccc(O)cc4C[C@@H](CCCCCCCCC[S+]([O-])CCCC(F)(F)C(F)(F)F)[C@H]3[C@@H]1CC[C@@H]2O,8.47
CHEMBL4083087,Cc1ccc(N2CCc3cc(O)ccc3C2(C)c2ccc(/C=C/C(=O)O)cc2)cc1F,6.96
CHEMBL4087804,CCCCCc1ccc(N2CCc3cc(O)ccc3C2(C)c2ccc(/C=C/C(=O)O)cc2)cc1,7.26
CHEMBL4101848,CC(C)c1ccc(N2CCc3cc(O)ccc3[C@]2(c2ccc(/C=C/C(=O)O)cc2)C(F)F)cc1,7.11
CHEMBL495337,CC(C)CNc1nc(CCc2ccccc2)cc(NCc2ccccc2)n1,5.72
CHEMBL493096,CC(C)CNc1cc(/C=C/c2ccccc2)nc(NCc2ccccc2)n1,4.92
CHEMBL100617,CC1(c2ccc(OCCN3CCCCC3)cc2)c2ccc(O)cc2CCN1c1cccc(O)c1,9.15
CHEMBL192000,N#Cc1cc(O)cc2ccc(-c3ccc(O)c(F)c3)cc12,7.02
CHEMBL1083881,O=C1c2ccc(Br)cc2C(=O)N1c1ccc(O)cc1,5.1
CHEMBL7668,O=C(/C=C/c1ccc(O)cc1)c1ccc(Br)cc1,5.33
CHEMBL5890359,CC(C)(C)c1ccc(C2=C(c3ccc(O[C@H]4CCN(CCCF)C4)cc3)c3ccc(O)c(F)c3CCC2)cc1,6.49
CHEMBL5946900,COc1ccc(C2=C(c3ccc(O[C@H]4CCN(CCCF)C4)cc3)c3ccc(O)cc3CCC2)c(C#N)c1,7.24
CHEMBL5970617,CC(=O)N1c2ccc(C3=C(c4ccc(O[C@H]5CCN(CCCF)C5)cc4)c4ccc(O)cc4CCC3)cc2CC1(C)C,7.44
CHEMBL449038,O=C(CCl)Nc1ccc(-c2sc3cc(O)ccc3c2Oc2ccc(OCCN3CCCCC3)cc2)cc1,6.18
CHEMBL81,O=C(c1ccc(OCCN2CCCCC2)cc1)c1c(-c2ccc(O)cc2)sc2cc(O)ccc12,9.52
CHEMBL1222036,O=C(O)/C=C/c1ccc2c(C(=O)c3ccc(OCCN4CCCCC4)cc3)c(-c3ccc(O)cc3)sc2c1,6.67
CHEMBL5799995,COCc1ccc(OCCNCCCF)cc1[C@@H]1c2[nH]c3ccccc3c2C[C@@H](C)N1CC(F)(F)F,8.47
CHEMBL5394023,C[C@@H]1Cc2c([nH]c3ccccc23)[C@@H](c2ccc(F)c(OCCNCCCF)c2)N1CC(F)(F)F,7.51
CHEMBL5973051,C[C@@H]1Cc2c([nH]c3ccccc23)[C@@H](c2c(F)ccc(OCCNCCCF)c2F)N1CC1(S(C)(=O)=O)CC1,8.14
CHEMBL6050372,C[C@@H]1Cc2c([nH]c3ccccc23)[C@@H](c2c(Cl)ccc(OCCNCCCF)c2F)N1CC(F)(F)F,8.89
CHEMBL6050372,C[C@@H]1Cc2c([nH]c3ccccc23)[C@@H](c2c(Cl)ccc(OCCNCCCF)c2F)N1CC(F)(F)F,9.92
CHEMBL6056553,Cc1ccc(OCCNCCCF)c(C)c1[C@@H]1c2[nH]c3ccccc3c2C[C@@H](C)N1CC(F)(F)F,8.85
CHEMBL5978181,COc1ccc(OCCNCCCF)c(F)c1[C@@H]1c2[nH]c3ccccc3c2C[C@@H](C)N1CC(F)F,9.1
CHEMBL5796450,Cc1c(OCCNCCCF)ccc(F)c1[C@@H]1c2[nH]c3ccccc3c2C[C@@H](C)N1CCC#N,10.19
CHEMBL5741566,C[C@@H]1Cc2c([nH]c3ccccc23)[C@@H](c2nccc(OCCNCCCF)c2F)N1CC(F)(F)F,9.4
CHEMBL5787351,C[C@@H]1Cc2c([nH]c3ccccc23)[C@@H](c2nccc(OCCNCCCF)c2Cl)N1CC(F)(F)F,9.41
CHEMBL5765975,C[C@@H]1Cc2c([nH]c3ccccc23)[C@@H](c2nccc(NCCNCCCF)c2F)N1CC(F)(F)F,8.04
CHEMBL5970123,Cc1c(NCCNCCCF)ccnc1[C@@H]1c2[nH]c3ccccc3c2C[C@@H](C)N1CC(F)(F)F,8.25
CHEMBL5766240,Cc1c(OCCNCCCF)ccnc1[C@@H]1c2[nH]c3ccccc3c2C[C@@H](C)N1CC(F)(F)CO,9.7
CHEMBL5794076,C[C@@H]1Cc2c([nH]c3ccccc23)[C@@H](c2nccc(OCCNCCCF)c2F)N1CC(F)(F)CO,8.66
CHEMBL6013533,C[C@@H]1Cc2c([nH]c3ccccc23)[C@@H](c2cncc(OCCNCCCF)c2)N1CC(F)(F)F,7.57
CHEMBL5792644,C[C@@H]1Cc2c([nH]c3ccccc23)[C@@H](c2ccnc(OCCNCCCF)c2)N1CC(F)(F)F,8.54
CHEMBL5926652,C[C@@H]1Cc2c([nH]c3ccccc23)[C@@H](c2ccnc(OCCNCCCF)c2Cl)N1CC(F)(F)CO,9.77
CHEMBL5802422,C[C@@H]1Cc2c([nH]c3ccccc23)[C@@H](c2c(F)cnc(OCCNCCCF)c2F)N1CC1(F)CC1,9
CHEMBL5936875,Cc1c(OCCNCCCF)ncnc1[C@@H]1c2[nH]c3ccccc3c2C[C@@H](C)N1CC(F)(F)F,9.13
CHEMBL44,O=c1c(-c2ccc(O)cc2)coc2cc(O)cc(O)c12,6.24
CHEMBL392029,Oc1ccc(C2Cc3ccc(O)cc3N(CC3CC3)C2)cc1,5.25
CHEMBL231812,O/N=C/c1ccc(-c2ccc(O)cc2)c2ccoc12,6.81
CHEMBL396948,O=C1c2ccc(O)cc2C(=O)N1c1ccc(O)c2ccccc12,5.58
CHEMBL5982961,C[C@@H](CN1[C@H](c2c(F)cnc(OCCNCCCF)c2Cl)c2[nH]c3ccccc3c2C[C@H]1C(F)F)C(=O)O,8.82
CHEMBL5440088,Cc1c(OCCN(C)CCCF)ccc(F)c1[C@@H]1c2[nH]c3ccccc3c2C[C@@H](C)N1C[C@H](C)C(=O)O,8.28
CHEMBL5916079,Cc1c(OCCN(C)CCCF)ccc(F)c1[C@@H]1c2[nH]c3ccc(F)cc3c2C[C@@H](C)N1C[C@@H](C)C(=O)O,8.72
CHEMBL5806518,COc1ccc(O[C@H](C)CNCCCF)cc1[C@@H]1c2[nH]c3ccccc3c2C[C@@H](C)N1CC(F)(F)CO,8.6
CHEMBL5855181,C[C@@H]1Cc2c([nH]c3ccccc23)[C@@H](c2c(F)ccc(OCCNCCCF)c2F)N1CC(F)F,8.92
CHEMBL6038009,C[C@@H]1Cc2c([nH]c3ccccc23)[C@@H](c2c(Cl)ccc(OCCNCCCF)c2F)N1C[C@H](C)C(=O)O,8.23
CHEMBL5834106,C[C@@H]1Cc2c([nH]c3cccc(F)c23)[C@@H](c2c(F)ccc(OCCNCCCF)c2F)N1CC(F)(F)CO,9.15
CHEMBL5931434,COc1ccc(OCCNCCC(F)(F)F)cc1[C@@H]1c2[nH]c3ccccc3c2C[C@@H](C)N1CC(F)(F)F,8.85
CHEMBL6050372,C[C@@H]1Cc2c([nH]c3ccccc23)[C@@H](c2c(Cl)ccc(OCCNCCCF)c2F)N1CC(F)(F)F,8.89
CHEMBL5849595,Cc1c(OCCNCCCF)ncc(F)c1[C@@H]1c2[nH]c3ccccc3c2C[C@@H](C)N1CC(F)(F)CO,9.37
CHEMBL5965551,C[C@@H]1Cc2c([nH]c3ccccc23)[C@@H](c2c(F)cnc(OCCNCCCF)c2Cl)N1CC(F)(F)CO,9.22
CHEMBL214693,CCCCC12CCC(=O)C(Br)=C1c1ccc3[nH]nnc3c1C2,6.85
CHEMBL3190827,Oc1c(/C=N/c2cccc3cccnc23)sc2ccccc12,5.29
CHEMBL1525824,COC(=O)c1oc2ccc(Br)cc2c1NC(=O)CCCN1C(=O)c2ccccc2C1=O,4.37
CHEMBL1084120,CCN(CC)CCOc1ccc([C@@H]2Oc3cc(F)ccc3C3=C2c2ccc(O)cc2OCC3)cc1,8.15
CHEMBL1087812,Oc1ccc2c(c1)O[C@@H](c1ccc(OCCN3CCOCC3)cc1)C1=C2CCOc2cc(O)ccc21,8
CHEMBL1082539,Oc1ccc2c(c1)OCCC1=C2[C@@H](c2ccc(OCCN3CCCCCC3)cc2)Oc2ccccc21,7.96
CHEMBL1083187,O=C(O)CCOc1ccc([C@H]2Oc3cc(O)ccc3C3=C2c2ccc(O)cc2OCC3)cc1,6.92
CHEMBL1087683,OCCOc1ccc(C2Oc3cc(O)ccc3C3=C2c2ccc(O)cc2OCC3)cc1,6.51
CHEMBL1083178,Oc1ccc2c(c1)O[C@H](c1ccc(OCCN3CCSCC3)cc1)C1=C2CCOc2cc(O)ccc21,7.06
CHEMBL1084128,CCN(CC)CCOc1ccc([C@H]2Oc3ccccc3C3=C2c2ccc(O)cc2OCC3)cc1,6.95
CHEMBL1088629,CCN(CC)CCOc1ccc([C@H]2Oc3cc(F)ccc3C3=C2c2ccc(O)cc2OCC3)cc1,6.95
CHEMBL1087426,Oc1ccc2c(c1)OCCC1=C2[C@H](c2ccc(OCCN3CCCCC3)cc2)Oc2ccccc21,6.82
CHEMBL1086776,Oc1ccc2c(c1)O[C@@H](c1ccc(OCCN3CCCC3)cc1)C1=C2CCOc2cc(O)ccc21,6.78
CHEMBL1085668,CN(C)CCOc1ccc([C@@H]2Oc3cc(O)ccc3C3=C2c2ccc(O)cc2OCC3)cc1,6.39
CHEMBL1536373,Cn1c(SCc2cc(=O)n3cc(Br)ccc3n2)nnc1C1COc2ccccc2O1,4.6
CHEMBL1399039,O=C(NCc1ccco1)c1nn2c(C(F)(F)F)cc(-c3cccs3)nc2c1Br,4.43
CHEMBL1419810,Cc1occc1C(=O)NCc1cccc(CNC(=O)c2ccoc2C)c1,4.71
CHEMBL1421864,CCOC(=O)C1=C(C)S/C(=C\N(C)C)C1=O,4.39
CHEMBL5955549,COc1cccc(C2=C(c3ccc(O[C@H]4CCN(CCCF)C4)cc3)c3ccc(O)cc3CCC2)c1,7.72
CHEMBL4463394,Oc1ccc2c(c1)CCCC(c1ccc(SC(F)(F)F)cc1)=C2c1ccc(O[C@H]2CCN(CCCF)C2)cc1,7.6
CHEMBL5767068,COc1ncc(C2=C(c3ccc(O[C@H]4CCN(CCCF)C4)cc3)c3ccc(O)cc3CCC2)cc1Cl,7.75
CHEMBL5808321,COc1ccc(C2=C(c3ccc(O[C@H]4CCN(CCCF)C4)cc3)c3ccc(O)cc3CCC2)cn1,9
CHEMBL491885,CC(C)=CCc1c2c(c3occ(-c4ccc(O)c(O)c4)c(=O)c3c1O)CC(C(C)(C)O)O2,4.89
CHEMBL5902781,C[C@@H]1Cc2c([nH]c3ccccc23)[C@@H](c2cc(OCCNCCCF)ccc2Cl)N1CC(F)(F)CO,9
CHEMBL5821554,COc1ccc(OC[C@H](C)NCCCF)cc1[C@@H]1c2[nH]c3ccccc3c2C[C@@H](C)N1CC(F)(F)CO,8.92
CHEMBL5757931,COc1ccc(OCCNCCCF)cc1[C@@H]1c2[nH]c3ccccc3c2C[C@@H](C)N1C[C@H](C)C(=O)O,6.82
CHEMBL5404810,Cc1c(OCCNCCCF)ccc(F)c1[C@@H]1c2[nH]c3ccccc3c2C[C@@H](C)N1C[C@H](C)C(=O)O,9.28
CHEMBL5807292,Cc1c(OCCNCCCF)ccc(F)c1[C@@H]1c2[nH]c3ccc(F)cc3c2C[C@@H](C)N1C[C@H](C)C(=O)O,8.59
CHEMBL5432663,Cc1c(OCCNCCCF)ccc(F)c1[C@@H]1c2[nH]c3ccccc3c2C[C@@H](C)N1C[C@@H](C)C(=O)O,9.04
CHEMBL5940386,Cc1c(OCCNCCCF)ccc(F)c1[C@@H]1c2[nH]c3ccccc3c2C[C@@H](C)N1CC(C)(C)C(=O)O,8.16
CHEMBL5838574,Cc1c(OCCNCCCF)ccc(F)c1[C@@H]1c2[nH]c3ccccc3c2C[C@@H](C)N1CC1(C(=O)O)CCC1,8.6
CHEMBL5947981,Cc1c(OCCNCCCF)ccc(F)c1[C@@H]1c2[nH]c3ccc(F)cc3c2C[C@@H](C)N1C[C@@H](C)C(=O)O,8.55
CHEMBL5879332,Cc1c(OCCNCCC(F)F)ccc(F)c1[C@@H]1c2[nH]c3ccccc3c2C[C@@H](C)N1C[C@H](C)C(=O)O,8.41
CHEMBL5426983,Cc1c(OCCNCCCF)ncc(F)c1[C@@H]1c2[nH]c3ccccc3c2C[C@@H](C)N1C[C@@H](C)C(=O)O,8.74
CHEMBL5953331,C[C@@H]1Cc2c([nH]c3ccccc23)[C@@H](c2c(F)cnc(OCCNCCCF)c2Cl)N1C[C@H](C)C(=O)O,8.82
CHEMBL6026356,Cc1c(OCCNCCCF)ccc(F)c1[C@@H]1c2[nH]c3ccccc3c2CC(C)(C)N1C[C@H](C)C(=O)O,8.8
CHEMBL5809252,Cc1c(NCCNCCCF)ccc(F)c1[C@@H]1c2[nH]c3ccccc3c2C[C@@H](C)N1C[C@H](C)C(=O)O,6.8
CHEMBL5917141,Cc1c(OCCNCCCF)ccc(F)c1[C@@H]1c2[nH]c3ccccc3c2C[C@@H](C(F)(F)F)N1C[C@H](C)C(=O)O,8.85
CHEMBL5755926,C[C@@H](CN1[C@H](c2c(F)ccc(OCCNCCCF)c2Cl)c2[nH]c3ccccc3c2C[C@H]1C(F)(F)F)C(=O)O,8.55
CHEMBL5440088,Cc1c(OCCN(C)CCCF)ccc(F)c1[C@@H]1c2[nH]c3ccccc3c2C[C@@H](C)N1C[C@H](C)C(=O)O,9.41
CHEMBL5408358,Cc1c(OCCN(C)CCCF)ncc(F)c1[C@@H]1c2[nH]c3ccccc3c2C[C@@H](C)N1C[C@H](C)C(=O)O,8.96
CHEMBL6017289,Cc1c(N(C)CCN(C)CCCF)ccc(F)c1[C@@H]1c2[nH]c3ccccc3c2C[C@@H](C)N1C[C@H](C)C(=O)O,7.29
CHEMBL5951642,Cc1c(OCCN(C)CCCF)ccc(F)c1[C@@H]1c2[nH]c3ccccc3c2C[C@@H](C(F)(F)F)N1C[C@H](C)C(=O)O,9.07
CHEMBL5864559,Cc1c(OCCN(C)CCCF)ncc(F)c1[C@@H]1c2[nH]c3ccc(F)cc3c2C[C@@H](C)N1C[C@@H](C)C(=O)O,9
CHEMBL205934,Cc1c(O)cc(C)c2c1oc(=O)c1c(C)c(O)ccc12,6.11
CHEMBL206226,Cc1c(O)ccc2c1c(=O)oc1cc(O)ccc12,5.93
CHEMBL426854,CCc1c(O)ccc2c1oc(=O)c1cc(Br)ccc12,5.26
CHEMBL216279,CC(C)CCc1c(O)cc(O)c2c1O[C@H](c1ccc(O)cc1)CC2=O,6.85
CHEMBL5870475,C[C@]12C=CC(=O)C=C1[C@@H](F)C[C@H]1[C@@H]3C[C@H]4O[C@@H](c5ccc(Cc6ccc(Cl)c(N)c6)cc5)O[C@@]4(C(=O)CO)[C@@]3(C)C[C@H](O)[C@@]12F,4.52
CHEMBL5934274,COc1cc(Cc2ccc([C@@H]3O[C@@H]4C[C@H]5[C@@H]6C[C@H](F)C7=CC(=O)C=C[C@]7(C)[C@@]6(F)[C@@H](O)C[C@]5(C)[C@]4(C(=O)CO)O3)cc2)ccc1N,4.52
CHEMBL4797729,CC1(C)Cc2c(ccc3[nH]ncc23)[C@@H](c2ccc(NC3CN(CCCF)C3)cn2)N1CC(F)F,4.92
CHEMBL5806532,COc1ccc(OCCNCCCF)c(F)c1[C@@H]1c2[nH]c3ccccc3c2C[C@@H](C)N1CC(F)(F)F,8.92
CHEMBL5424734,Cc1ccc(OCCNCCCF)cc1[C@@H]1c2[nH]c3ccccc3c2C[C@@H](C)N1CC(F)(F)F,8.42
CHEMBL5967894,COc1ccc(OCCNCCCF)c(C)c1[C@@H]1c2[nH]c3ccccc3c2C[C@@H](C)N1CC(F)(F)F,9.07
CHEMBL1097284,Cc1ccc(S(=O)(=O)N2Cc3ccc([C@]4(O)CC[C@H]5[C@@H]6CCc7cc(O)ccc7[C@H]6CC[C@@]54C)cc3C2)cc1,6.47
CHEMBL2441818,COc1cc2c(cc1C=O)[C@H]1CC[C@]3(C)[C@@H](OC(C)=O)CC[C@H]3[C@@H]1CC2,4.19
CHEMBL6039551,COc1cnc(OCCNCCCF)cc1[C@@H]1c2[nH]c3ccccc3c2C[C@@H](C)N1CC(F)(F)F,10.23
CHEMBL5424734,Cc1ccc(OCCNCCCF)cc1[C@@H]1c2[nH]c3ccccc3c2C[C@@H](C)N1CC(F)(F)F,8.42
CHEMBL5407684,Cc1cc(OCCNCCCF)cc([C@@H]2c3[nH]c4ccccc4c3C[C@@H](C)N2CC(F)(F)F)c1,8.21
CHEMBL5421737,Cc1ccc([C@@H]2c3[nH]c4ccccc4c3C[C@@H](C)N2CC(F)(F)F)cc1OCCNCCCF,6.44
CHEMBL5967894,COc1ccc(OCCNCCCF)c(C)c1[C@@H]1c2[nH]c3ccccc3c2C[C@@H](C)N1CC(F)(F)F,9.07
CHEMBL5886475,C[C@@H]1Cc2c([nH]c3ccccc23)[C@@H](c2cccc(OCCNCCCF)n2)N1CC(F)(F)F,6.72
CHEMBL6007833,C[C@@H]1Cc2c([nH]c3ccccc23)[C@@H](c2cc(OCCNCCCF)ccn2)N1CC(F)(F)F,8.96
CHEMBL135,C[C@]12CC[C@@H]3c4ccc(O)cc4CC[C@H]3[C@@H]1CC[C@@H]2O,8.89
CHEMBL3099429,CCCOC(=O)[C@H]1CC[C@H]2[C@@H]3CCc4cc(O)ccc4[C@H]3CC[C@]12C,7.04
CHEMBL1580036,Cc1ccc(S(=O)(=O)Cc2ccc(C(=O)O)o2)cc1,4.74
CHEMBL1480843,Cc1ccc(C(=O)CSC2=C(C#N)C(c3ccco3)CC(=O)N2)c(C)c1,4.58
CHEMBL1597933,Cc1snc2sc(C(=O)c3ccc(Br)cc3)c(N)c12,4.55
CHEMBL1541552,CCOC(=O)c1c(Nc2nc(C)c(C(=O)NC)s2)sc(C)c1C,4.37
CHEMBL1544241,COc1ccc(OC)c(NC(=O)c2cc(-c3ccc(C)cc3O)[nH]n2)c1,4.66
CHEMBL1404523,CCOc1ccc(Nc2oc(-c3ccccc3Cl)nc2C#N)cc1,5.02
CHEMBL482116,Cc1ccc(C(=O)N/N=C/c2ccc([N+](=O)[O-])s2)cc1,4.67
CHEMBL1427643,COc1cc(C2C(C#N)=C(N)Oc3cc(C)oc(=O)c32)cc2c1OCO2,4.58
CHEMBL1587920,CCCc1cc(-n2ccnc2)n2c(nc3ccccc32)c1C#N,4.53
CHEMBL1972915,Cc1nn(-c2ccccc2)c(Cl)c1/C=N/Nc1ccc(S(=O)(=O)Nc2ccccc2C(=O)O)cc1[N+](=O)[O-],5.17
CHEMBL1312859,COc1cc(NC(=O)COc2ccc(-n3cnnn3)cc2)c(OC)cc1Cl,5.08
CHEMBL1393131,O=C(O)c1cc(-c2ccco2)nc2ccc(Br)cc12,4.32
CHEMBL1603599,O=S(=O)(NCc1csc(-c2cccnc2)n1)c1ccc(Cl)s1,4.87
CHEMBL3198515,CC(=N)/C(C#N)=C(/O)CSc1nnc(COc2ccccc2Cl)o1,4.43
CHEMBL313825,CC(C)[C@H]1Sc2cc(O)ccc2O[C@H]1c1ccc(OCCN2CCCCC2)cc1,8.15
CHEMBL304552,Oc1ccc([C@H]2Sc3cc(O)ccc3O[C@H]2c2ccc(OCCN3CCCCC3)cc2)cc1,8.51
CHEMBL1627354,CCCCN(C)C(=O)CCCCCCCCCCS[C@@H]1Cc2cc(O)ccc2[C@H]2CC[C@]3(C)[C@@H](O)CC[C@H]3[C@@H]21,8.05
CHEMBL4083658,O=C(O)/C=C/c1ccc(C(=C2C3CC4CC(C3)CC2C4)c2ccc(O)cc2)cc1,6.3
CHEMBL4076649,Cc1ccc(N2CCc3cc(O)ccc3C2(C)c2ccc(/C=C/C(=O)O)cc2)cc1,6.68
CHEMBL4081807,Cc1cc(Cl)cc(C)c1C(=O)c1sc2cc(O)ccc2c1Oc1ccc(/C=C/C(=O)O)cc1,8.62
CHEMBL5424508,C[C@@H]1Cc2c([nH]c3ccccc23)[C@@H](c2cc(F)cc(OCCNCCCF)c2)N1CC(F)(F)F,8.1
CHEMBL5407684,Cc1cc(OCCNCCCF)cc([C@@H]2c3[nH]c4ccccc4c3C[C@@H](C)N2CC(F)(F)F)c1,8.3
CHEMBL5420450,Cc1c(OCCN(C)CCCF)ncc(F)c1[C@@H]1c2[nH]c3ccccc3c2C[C@@H](C)N1C[C@@H](C)C(=O)O,8.8
CHEMBL5399407,COc1ccc(OCCNCCCF)cc1[C@@H]1c2[nH]c3ccccc3c2C[C@@H](C)N1CC(F)F,9.7
CHEMBL1447311,CN(C)S(=O)(=O)N(CC(=O)N(Cc1ccccc1)Cc1ccccc1)c1ccccc1,4.6
CHEMBL1386091,O=C(Nc1ccccc1[N+](=O)[O-])C1=C(O)CCn2c1nc1ccccc12,4.73
CHEMBL124474,Oc1ccc([C@H]2Sc3cc(O)ccc3O[C@H]2c2ccc(CCCN3CCCCC3)cc2)cc1,8.85
CHEMBL5171558,CN1C(=O)NC(c2ccc(OCCN3CCNCC3)cc2)C2=C1c1ccccc1C2=O,6.36
CHEMBL5171110,CN(CCOc1ccc(C2NC(=O)N(C)C3=C2C(=O)c2ccccc23)cc1)CCC(Oc1ccc(C(F)(F)F)cc1)c1ccccc1,6.09
CHEMBL81,O=C(c1ccc(OCCN2CCCCC2)cc1)c1c(-c2ccc(O)cc2)sc2cc(O)ccc12,7.27
CHEMBL5173390,Oc1ccc(CNc2nc(Cl)nc3scc(-c4ccccc4)c23)cc1,7.19
CHEMBL4225156,CCN(CC)C(=O)/C=C/c1ccc(C2=C(c3ccc(O)cc3)CCOc3cc(F)ccc32)cc1,6.46
CHEMBL4760678,C[C@]12CC[C@@H]3c4ccc(O)cc4C[C@@H](CCCCCCCCC[S@+]([O-])CCCC(F)(F)C(F)(F)F)[C@H]3[C@@H]1CC[C@@H]2O,8.7
CHEMBL418971,CC(C)(c1ccc(O)cc1)c1ccc(O)cc1,6.04
CHEMBL4090876,CC1(c2ccc(/C=C/C(=O)O)cc2)c2ccc(O)cc2CCN1c1ccc(C(F)(F)F)cc1,6.92
CHEMBL4063001,CC1(c2ccc(/C=C/C(=O)O)cc2)c2ccc(O)cc2CCN1c1ccc(F)cc1,6.7
CHEMBL4093325,CC1(c2ccc(/C=C/C(=O)O)cc2)c2ccc(O)cc2CCN1c1ccc(C2CC2)cc1,7.41
CHEMBL4090556,CCC(C)c1ccc(N2CCc3cc(O)ccc3C2(C)c2ccc(/C=C/C(=O)O)cc2)cc1,8.34
CHEMBL382734,CCN(CC)CCOc1ccc(Cn2c3ccc(O)cc3c3sc4cc(O)ccc4c32)cc1,7.51
CHEMBL90072,Oc1ccc([C@@H]2Sc3cc(O)c(Cl)cc3O[C@@H]2c2ccc(OCCN3CCCCC3)cc2)cc1,8.27
CHEMBL327471,Cc1cc(O)cc2c1O[C@H](c1ccc(OCCN3CCCCC3)cc1)[C@H](c1ccc(O)cc1)S2,8.28
CHEMBL327320,Oc1cccc([C@H]2Sc3cc(O)ccc3O[C@H]2c2ccc(OCCN3CCCC3)cc2)c1,8.77
CHEMBL4464224,Oc1ccc2c(c1)OC(c1ccc(OCCN3CC(CF)C3)cc1)C1=C2CCOc2cc(O)ccc21,10.35
CHEMBL304552,Oc1ccc([C@H]2Sc3cc(O)ccc3O[C@H]2c2ccc(OCCN3CCCCC3)cc2)cc1,9.1
CHEMBL5565366,O=C(CCCCCc1ccc(-c2sc3cc(O)ccc3c2C(=O)c2ccc(OCCN3CCCCC3)cc2)cc1)NO,6.2
CHEMBL31128,CC(C)[C@H]1C(=O)c2ccc(O)cc2O[C@@H]1c1ccc(OCCN2CCCCC2)cc1,6.96
CHEMBL1405,C[C@]12CC[C@@H]3c4ccc(O)cc4CC[C@H]3[C@@H]1CCC2=O,8.12
CHEMBL182794,CC(C)[C@H](COc1ccc([C@@H]2Oc3ccc(O)cc3S[C@@H]2c2ccc(O)cc2)cc1)N1CCCC1,9.3
CHEMBL2113354,Cl.Oc1ccc2c(c1)CC[C@H](c1ccccc1)[C@@H]2c1ccc(OCCN2CCCC2)cc1,8.4
CHEMBL1086389,CN(C)CCOc1ccc([C@H]2Oc3ccccc3C3=C2c2ccc(O)cc2OCC3)cc1,5.87
CHEMBL1084922,CN1CCN(CCOc2ccc([C@H]3Oc4cc(O)ccc4C4=C3c3ccc(O)cc3OCC4)cc2)CC1,5.81
CHEMBL315866,Oc1ccc2c(c1)CCN(c1ccccc1)C2Cc1ccccc1,8.17
CHEMBL74027,CC1(C)Oc2cc(O)cc(O)c2N=C1c1ccc(O)c(Br)c1,5.22
CHEMBL93230,O=S(=O)(c1cccc2ccccc12)N1CCc2cc(O)ccc2C1c1ccc(OCCN2CCCC2)cc1,8.25
CHEMBL367350,CC[C@@H](COc1ccc([C@@H]2Oc3ccc(O)cc3S[C@@H]2c2ccc(O)cc2)cc1)N1CCCC1,9.3
CHEMBL369545,CC[C@H](COc1ccc([C@@H]2Oc3ccc(O)cc3S[C@@H]2c2ccc(O)cc2)cc1)N1CCCC1,9.15
CHEMBL5195371,Nc1ccc(-c2c(C(=O)c3ccc(OCCNS(=O)(=O)O)cc3)c3ccc(O)cc3oc2=O)cc1,9.41
CHEMBL5203282,Cc1cc(C(=O)C2=C(c3ccc(O)cc3)COc3cc(O)ccc32)ccc1OCCN1C=Cc2cccnc2C1,8.98
CHEMBL4100053,CC1(c2ccc(/C=C/C(=O)O)cc2)c2ccc(O)cc2CCN1c1cccc(F)c1,6.3
CHEMBL4063616,CC1(c2ccc(/C=C/C(=O)O)cc2)c2ccc(O)cc2CCN1c1ccccc1,6.44
CHEMBL4065632,CCCCc1ccc(N2CCc3cc(O)ccc3C2(C)c2ccc(/C=C/C(=O)O)cc2)cc1,7.64
CHEMBL4087134,CC(C)c1cccc(N2CCc3cc(O)ccc3C2(C)c2ccc(/C=C/C(=O)O)cc2)c1,7.92
CHEMBL380717,Cc1c(O)ccc2c1oc(=O)c1c(C)c(O)cc(C)c12,6.14
CHEMBL205350,Cc1c(O)ccc2c1c(=O)oc1c(Br)c(O)ccc12,5.72
CHEMBL206727,CCc1c(O)ccc2c1c(=O)oc1c(F)c(O)ccc12,6.64
CHEMBL204902,CCc1c(O)ccc2c1c(=O)oc1c(C)c(O)ccc12,6.32
CHEMBL202896,CCc1cc(OC)cc2c(=O)oc3c(C)c(O)ccc3c12,5.01
CHEMBL420244,O=S(=O)(c1ccccc1)N1CCc2cc(O)ccc2C1c1ccc(OCCN2CCCC2)cc1,8.28
CHEMBL379234,CCN(c1ccccc1)S(=O)(=O)c1ccc(O)cc1,6.39
CHEMBL204664,CC(C)N(c1ccccc1)S(=O)(=O)c1ccc(O)cc1,6.06
CHEMBL203515,CC(C)(C)CN(c1ccccc1)S(=O)(=O)c1ccc(O)cc1,5.86
CHEMBL426849,C=CCN(c1ccccc1)S(=O)(=O)c1ccc(O)cc1,6.63
CHEMBL204434,CCCN(c1ccccc1-c1ccccc1)S(=O)(=O)c1ccc(O)c(C)c1,6.6
CHEMBL371637,CCCN(c1c(C)cccc1CC)S(=O)(=O)c1ccc(O)c(C)c1,8.15
CHEMBL201834,CCCN(c1c(C)cccc1C)S(=O)(=O)c1ccc(O)c(C)c1,7.85
CHEMBL202607,CCCN(c1c(Cl)cccc1Cl)S(=O)(=O)c1ccc(O)c(C)c1,7.8
CHEMBL204185,CCCN(c1ccccc1Cl)S(=O)(=O)c1ccc(O)c(C)c1,7.29
CHEMBL91758,Oc1ccc2c(c1)S[C@@H](c1ccccc1O)[C@@H](c1ccc(OCCN3CCCCC3)cc1)O2,8.89
CHEMBL101997,CC1(c2ccc(OCCN3CCCC3)cc2)c2ccc(O)cc2CCN1c1ccc(F)cc1,7.51
CHEMBL196530,Oc1ccc(-c2ccc3c(Cl)c(O)ccc3n2)cc1,6.2
CHEMBL201365,Oc1ccc(-n2c(-c3ccccc3Cl)nc3ccccc32)cc1,5.76
CHEMBL373095,O=C1C(c2ccc(O)cc2)=C(c2ccccc2)c2cc(O)ccc21,8
CHEMBL246138,C=C[C@]12CC[C@H](O)CC1=CC[C@H]1[C@@H]3CC[C@H](O)[C@@]3(C)CC[C@@H]12,5.65
CHEMBL196283,CN(C)CCOc1ccc(Cn2c3ccccc3c3sc4cc(O)ccc4c32)cc1,7.29
CHEMBL371072,CN(C)CCOc1ccc(Cn2c3ccc(O)cc3c3sc4cc(O)ccc4c32)cc1,7.75
CHEMBL123025,Oc1ccc([C@H]2Sc3cc(O)ccc3S[C@H]2c2ccc(OCCN3CCCC3)c(Br)c2)cc1,8.4
CHEMBL93705,Oc1cccc([C@H]2Sc3cc(O)ccc3O[C@H]2c2ccc(OCCN3CCCCC3)cc2)c1,8.4
CHEMBL34679,O=C1c2c(Cl)cc(O)cc2O[C@H](c2ccc(OCCN3CCCCC3)cc2)[C@@H]1c1ccc(O)cc1,7.24
CHEMBL512579,Cc1c(O)c(C)c2occ(-c3ccc(O)cc3)c(=O)c2c1O,4.99
CHEMBL44,O=c1c(-c2ccc(O)cc2)coc2cc(O)cc(O)c12,6.52
CHEMBL199599,Cn1cccc1-c1nc2ccccc2n1-c1ccc(O)cc1,5.53
CHEMBL379889,Cc1cc(O)cc2ncn(-c3ccc(O)cc3)c(=S)c12,5.76
CHEMBL206137,Cc1cc(-n2cnc3cc(O)cc(O)c3c2=S)ccc1O,5.54
CHEMBL3774510,C[C@H](CF)CN1[C@H](c2c(F)cc(/C=C/C(=O)O)cc2F)c2ccc(O)cc2CC1(C)C,8.8
CHEMBL3775378,CC(C)CN1[C@H](c2ccc(/C=C/C(=O)O)cc2)c2ccc(O)cc2C[C@H]1C,8.89
CHEMBL3775342,O=C(O)/C=C/c1ccc(C2c3ccc(O)cc3CCN2Cc2ccccc2)cc1,7.05
CHEMBL3775766,CC(C)CN1[C@H](c2c(F)cc(/C=C/C(=O)O)cc2F)c2ccc(O)cc2CC1(C)C,8.74
CHEMBL264862,CC1Oc2cc(O)cc(O)c2N=C1c1ccc(O)cc1,5.2
CHEMBL328810,CC1(c2ccc(OCCN3CCCCCC3)cc2)c2ccc(O)cc2CCN1c1ccccc1,7.25
CHEMBL3804907,CCCCCCCCCCCCCCNCCOc1ccc(C(=O)c2c(-c3ccc(O)cc3)sc3cc(O)ccc23)cc1,7.55
CHEMBL3806167,CCCCCCCCCCNCCOc1ccc(C(=O)c2c(-c3ccc(O)cc3)sc3cc(O)ccc23)cc1,9.17
CHEMBL3805318,CCCCCCCCCCCCNCCOc1ccc(C(=O)c2c(-c3ccc(O)cc3)sc3cc(O)ccc23)cc1,8.23
CHEMBL5430117,Clc1ccc(Cn2nnc(-c3cn(Cc4ccccc4)c4ccccc34)n2)cc1Cl,8.23
CHEMBL5403840,C[C@@H]1Cc2c([nH]c3ccccc23)[C@@H](c2cccc(OCCCN3CC(CF)C3)c2)N1CC1(F)COC1,7.5
CHEMBL5432698,COc1ccc(OCCNCCCF)cc1[C@@H]1c2[nH]c3ccccc3c2C[C@@H](C)N1CC(F)(F)CO,8.9
CHEMBL5424734,Cc1ccc(OCCNCCCF)cc1[C@@H]1c2[nH]c3ccccc3c2C[C@@H](C)N1CC(F)(F)F,8.4
CHEMBL5421737,Cc1ccc([C@@H]2c3[nH]c4ccccc4c3C[C@@H](C)N2CC(F)(F)F)cc1OCCNCCCF,6.6
CHEMBL5432663,Cc1c(OCCNCCCF)ccc(F)c1[C@@H]1c2[nH]c3ccccc3c2C[C@@H](C)N1C[C@@H](C)C(=O)O,8
CHEMBL5406802,C[C@@H]1Cc2c([nH]c3ccccc23)[C@@H](c2cccc(OCCCNCCCF)c2)N1CC1(F)COC1,7.8
CHEMBL5403840,C[C@@H]1Cc2c([nH]c3ccccc23)[C@@H](c2cccc(OCCCN3CC(CF)C3)c2)N1CC1(F)COC1,7.4
CHEMBL5424734,Cc1ccc(OCCNCCCF)cc1[C@@H]1c2[nH]c3ccccc3c2C[C@@H](C)N1CC(F)(F)F,8.8
CHEMBL5413311,Cc1c(OCCNCCCF)ccc(F)c1[C@@H]1c2[nH]c3ccccc3c2C[C@@H](C)N1CC(F)(F)F,10.1
CHEMBL5436976,Cc1c(OCCNCCCF)ccc(F)c1[C@@H]1c2[nH]c3ccccc3c2C[C@@H](C)N1CCC(=O)O,8.9
CHEMBL5408358,Cc1c(OCCN(C)CCCF)ncc(F)c1[C@@H]1c2[nH]c3ccccc3c2C[C@@H](C)N1C[C@H](C)C(=O)O,9.5
CHEMBL439806,Oc1ccc2c(c1)CC1(C2)C(c2ccccc2)=Cc2ccccc21,7.24
CHEMBL311878,O=c1c2oc3ccc(O)cc3c2oc2cc(O)cc(O)c12,5.53
CHEMBL435696,Oc1ccc([C@H]2Sc3cc(O)ccc3O[C@H]2c2ccc(OCCN3CCC(F)(F)CC3)cc2)cc1,7.8
CHEMBL30950,Cc1cc(O)cc2c1C(=O)[C@@H](c1ccc(O)cc1)[C@@H](c1ccc(OCCN3CCCCC3)cc1)O2,7.85
CHEMBL1086652,Oc1ccc2c(c1)O[C@@H](c1ccc(OCCN3CCCCC3)cc1)C1=C2CCOc2ccccc21,7.59
CHEMBL190038,CSC1=C(c2ccc(O)cc2)C(=O)c2cc(O)cc(O)c21,8.7
CHEMBL190104,CCSC1=C(c2ccc(O)cc2)C(=O)c2ccc(O)cc21,6.32
CHEMBL193726,Oc1ccc(-c2ccc3c(O)cccc3c2)cc1,7.66
CHEMBL3360848,COc1cc([C@@H]2C(=O)N(c3ccc(O)cc3)[C@H]2c2ccc(O)cc2)cc(OC)c1OC,5.83
CHEMBL4536148,COc1cc(/C=C/C(=O)O)ccc1[C@@H]1c2ccc3[nH]ncc3c2C[C@@H](C)N1CC(C)(C)F,9.2
CHEMBL539927,Oc1ccc([C@@H]2Sc3cc(O)ccc3O[C@@H]2c2ccc(OCCN3CCCCC3)cc2)cc1,8.02
CHEMBL184431,OCC1CCN(CCOc2ccc([C@@H]3Oc4ccc(O)cc4S[C@@H]3c3ccc(O)cc3)cc2)CC1,8.66
CHEMBL1430316,O=C(Cc1cccs1)Nc1nnc(COc2ccccc2)s1,4.43
CHEMBL4755319,CC/C(=C(/c1ccc(O)cc1)c1ccc(/C=C/C(=O)NCCCCCNC(=O)/C=C/c2ccc(/C(=C(\CC)c3ccccc3)c3ccc(O)cc3)cc2)cc1)c1ccccc1,6.8
CHEMBL191841,CSC1=C(c2ccc(O)cc2)C(=O)c2cc(O)ccc21,7.92
CHEMBL361258,COc1cc(O)c(Cl)c2cc(-c3ccc(O)cc3)oc12,6.94
CHEMBL367350,CC[C@@H](COc1ccc([C@@H]2Oc3ccc(O)cc3S[C@@H]2c2ccc(O)cc2)cc1)N1CCCC1,9.3
CHEMBL441457,Oc1ccc([C@@H]2Sc3cc(O)cc(Cl)c3O[C@@H]2c2ccc(OCCN3CCCCC3)cc2)cc1,8.28
