Smiles,pChEMBL Value
CCCC12CCC(=O)C(Br)=C1c1ccc3[nH]nnc3c1C2,5.617884032687005
Cc1c(OCCNCCCF)ncc(F)c1[C@@H]1c2[nH]c3ccccc3c2C[C@@H](C)N1C[C@@H](C)C(=O)O,8.156232359807099
COc1ccc(C2=C(c3ccc(O[C@H]4CCN(CCCF)C4)cc3)c3ccc(O)cc3CCC2)c(F)c1,7.861378972499528
COc1ccc(OCCNCCC(F)(F)F)cc1[C@@H]1c2[nH]c3ccccc3c2C[C@@H](C)N1CC(F)(F)F,8.874817320107361
CC/C(=C(\c1ccccc1)c1ccc(OCCN(C)C)cc1)c1ccccc1,6.8024694162468435
C[C@]12CC[C@H]3[C@@H](CC=C4C[C@@H](O)CC[C@@]43C)[C@@H]1CC[C@@H]2O,6.486236820572124
Oc1ccc2c(c1)S[C@H](c1ccco1)[C@H](c1ccc(OCCN3CCCCC3)cc1)O2,8.249264808828379
CN1CCC(c2ccc(C3c4ccc(O)cc4CCN3c3cccc(O)c3)cc2)CC1,7.737133522944819
CC1(c2ccc(/C=C/C(=O)O)cc2)c2ccc(O)cc2CCN1c1ccc(F)cc1,6.967295551205933
Cc1cc(O)c2c(c1)C(=O)c1cc(O)cc(O[C@@H]3O[C@H](CO)[C@@H](O)[C@H](O)[C@H]3O)c1C2=O,7.335147010729713
COc1ccc(OC[C@H](C)NCCCF)cc1[C@@H]1c2[nH]c3ccccc3c2C[C@@H](C)N1CC(F)(F)CO,8.652974092369508
O=C(CCl)Nc1ccc(-c2sc3cc(O)ccc3c2Oc2ccc(OCCN3CCCCC3)cc2)cc1,7.58987383576003
C[C@@H]1Cc2c(ccc3[nH]ncc23)[C@@H](c2ccc(N(C)C3CN(CCCF)C3)cn2)N1CC(F)(F)F,8.144683887333848
CC/C(=C(\c1ccccc1)c1ccc(OCCN(C)Cc2ccc(NC(=O)CCCCCCC(=O)NO)cc2)cc1)c1ccccc1,7.049118204230631
CC(C)=CCc1c2c(c3occ(-c4ccc(O)c(O)c4)c(=O)c3c1O)CC(C(C)(C)O)O2,6.153118011937554
O=c1c(-c2ccc(O)cc2)coc2cc(O)cc(O)c12,6.174346605040865
Oc1ccc(-c2ccc3ccc(O)cc3c2)cc1,6.987114577458768
Oc1cccc(C2=Cc3cc(O)ccc3C23Cc2ccccc2C3)c1,7.0199315110037475
Oc1ccc([C@H]2Sc3cc(O)ccc3O[C@H]2c2ccc(COCCN3CCCCC3)cc2)cc1,8.221614903304735
CCCCC12CCC(=O)C(CC)=C1c1ccc(O)cc1C2,6.505167897097701
Oc1ccc2c(c1)S[C@@H](c1ccccc1O)[C@@H](c1ccc(OCCN3CCCCC3)cc1)O2,8.143953823218425
CCn1c2ccccc2c2cc(NC(=O)CSc3nnc(-c4ccc(OC)cc4)n3N)ccc21,5.458670248626278
COc1ccc(Cl)cc1NC(=O)c1ocnc1C,5.133588980616691
N#Cc1cc(-c2ccc(O)cc2)cc2ccc(O)c(Br)c12,6.4781597365753125
COc1ccc(OCCNCCCF)c(F)c1[C@@H]1c2[nH]c3ccccc3c2C[C@@H](C)N1CC(F)(F)F,8.821292953243116
Oc1ccc([C@H]2Sc3cc(O)ccc3O[C@H]2c2ccc(OCCN3CCCCC3)cc2)cc1,8.161143003282177
Cc1ccc(S(=O)(=O)N2Cc3ccc([C@]4(O)CC[C@H]5[C@@H]6CCc7cc(O)ccc7[C@H]6CC[C@@]54C)cc3C2)cc1,7.260019880545183
Oc1ccc(-c2c(-c3ccccc3)[nH]c3ccccc23)cc1,6.879517435681052
CCOc1cc(F)c(C2=C(c3ccc(O[C@H]4CCN(CCCF)C4)cc3)c3ccc(O)cc3CCC2)cc1F,7.906155545871055
O=C1c2ccccc2C(=O)C12C(c1cccc(O)c1)=Cc1cc(O)ccc12,6.136091294009275
Cc1ccc(S(=O)(=O)N2CCc3cc(O)ccc3C2c2ccc(OCCN3CCCC3)cc2)cc1,7.645899021254115
CN1CCN(c2ccc(C3c4ccc(O)cc4CCN3c3cccc(O)c3)cc2)CC1,7.493837516421149
CC1(C)CCCN1CCOc1ccc([C@@H]2Oc3ccc(O)cc3S[C@@H]2c2ccc(O)cc2)cc1,8.03256821396268
CC#C[C@]1(O)CC[C@H]2[C@@H]3CCC4=CC(=O)CCC4=C3[C@@H](c3ccc(N(C)C)cc3)C[C@@]21C,5.795948672523476
Oc1ccc2c(c1)CCN(c1ccccc1)C2c1ccc(N2CCN3CCCCC3C2)cc1,7.708749336936509
CCCc1cc(-n2ccnc2)n2c(nc3ccccc32)c1C#N,5.2322571608434165
CC(C)CNc1cc(/C=C/c2ccccc2)nc(NCc2ccccc2)n1,5.9679224917097375
C[C@]12CC[C@@H]3c4ccc(O)cc4CC[C@H]3[C@@H]1CC[C@@H]2O,7.9847297505561885
Cc1c(N(C)CCN(C)CCCF)ccc(F)c1[C@@H]1c2[nH]c3ccccc3c2C[C@@H](C)N1C[C@H](C)C(=O)O,8.215526730307516
CCN(CC)CCOc1ccc([C@H]2Oc3ccccc3C3=C2c2ccc(O)cc2OCC3)cc1,7.528613541046854
C[C@@H]1Cc2c([nH]c3ccccc23)[C@@H](c2c(F)cnc(OCCNCCCF)c2Cl)N1C[C@H](C)C(=O)O,8.266368997943978
CN(C)CCOc1ccc([C@@H]2Oc3cc(O)ccc3C3=C2c2ccc(O)cc2OCC3)cc1,7.1336723201089
O=C(O)/C=C/c1ccc(Oc2c(-c3ccccc3CN3CCC3)sc3cc(O)ccc23)cc1,7.281349160638024
C=CCc1cc(C)cc2c(=O)oc3c(C)c(O)ccc3c12,6.025962354063587
O/N=C/c1ccc(-c2ccc(O)cc2)c2ccoc12,6.387496593512836
CCc1c(O)ccc2c1oc(=O)c1cc(Br)ccc12,6.06351759191927
Cc1cc(Oc2c(-c3ccc(O)cc3)sc3cc(O)ccc23)ccc1/C=C/C(=O)O,6.600708597189845
CC1=C(c2ccc(F)cc2)[C@H](c2ccc(OCCN3CC(CF)C3)cc2)Oc2cc3[nH]ncc3cc21,7.678071523861367
Oc1ccc2c(c1)sc1c3ccccc3n(Cc3ccc(OCCN4CCCCCC4)cc3)c21,7.903059979713279
Oc1ccc2nc(-c3ccccc3)n(Cc3ccc(OCCN4CCCCC4)cc3)c2c1,7.488960490790445
CC(C)c1ccccc1-c1sc2cc(O)ccc2c1Nc1ccc(/C=C/C(=O)O)cc1,6.651852301473992
O=C(NCc1ccco1)c1nn2c(C(F)(F)F)cc(-c3cccs3)nc2c1Br,5.32874373290611
O=C1c2ccc(O)cc2C(=O)N1c1ccc(O)c2ccccc12,5.794576945869064
Cc1c(O)ccc2c1oc(=O)c1c(C)ccc(C)c12,5.972121286535289
Oc1ccc2c(c1)OCCC1=C2[C@@H](c2ccc(OCCN3CCCCCC3)cc2)Oc2cc(F)ccc21,7.781226288407669
COc1ccc(OCCNCCCF)c(F)c1[C@@H]1c2[nH]c3ccccc3c2C[C@@H](C)N1CC(F)F,8.735527155552571
COc1cc(NC2CN(CCCF)C2)ccc1[C@@H]1c2ccc3[nH]ncc3c2C[C@@H](C)N1CC(F)(F)F,8.3389944466668
O=c1c2oc3ccc(O)cc3c2oc2cc(O)cc(O)c12,5.694266530722435
Oc1ccc(-c2nn(C3CCCC3)c3c(F)cccc23)cc1,7.231232497812954
Oc1ccc([C@H]2Sc3cc(O)ccc3S[C@H]2c2ccc(OCCN3CCCC3)c(Br)c2)cc1,8.171104576314892
Cc1nn(-c2ccccc2)c(Cl)c1/C=N/Nc1ccc(S(=O)(=O)Nc2ccccc2C(=O)O)cc1[N+](=O)[O-],5.120562411704333
CC[C@@]12CCC(=O)C(C)=C1c1ccc(O)cc1C2,6.059353289929168
Oc1ccc(-c2nn(Cc3ccccc3)c3c(Cl)cccc23)cc1,6.355095091279032
CC(C)CCc1cc(NCC(C)C)nc(NCc2cccc3ccccc23)n1,6.366987688917781
N#Cc1cc(-c2cc(F)c(O)c(F)c2)cc2ccc(O)cc12,6.705310156211721
NC(=O)C1(N2CCCCC2)CCN(c2nc(-c3ccc(Br)cc3)cs2)CC1,6.42294395967779
Oc1ccc(C2=C(c3ccc(O[C@H]4CCN(CCCF)C4)cc3)c3ccc(O)cc3CCC2)c(F)c1,7.94481782566684
O=C(c1cc(-c2ccco2)on1)N1CCc2ccccc2C1,5.507597740959914
CC1(c2ccc(/C=C/C(=O)O)cc2)c2ccc(O)cc2CCN1c1cccc(F)c1,6.96307041216966
CN1CCN(c2ccc(C3c4ccc(O)cc4CCN3c3cccc(O)c3)cc2)CC1,7.493837516421149
C[C@H](CF)CN1[C@H](c2c(F)cc(/C=C/C(=O)O)cc2F)c2ccc(O)cc2CC1(C)C,8.17817892763185
COc1cc([C@H]2[C@H](c3ccc(O)cc3)C(=O)N2c2ccc(O)cc2)cc(OC)c1OC,6.522590155757701
CCN(CC)CCOc1ccc([C@@H]2Oc3ccccc3C3=C2c2ccc(O)cc2OCC3)cc1,7.590766370080904
C[C@H](CCc1ccc(O)cc1)NC(=O)Cc1c(-c2ccccc2)[nH]c2ccc(OCCN3CCCCC3)cc12,7.776695161823726
CCC1CN(c2ccc(C3c4ccc(O)cc4CCN3c3ccccc3)cc2)CCN1C,7.608796798441626
Oc1ccc2c(c1)O[C@H](c1ccc(OCCN3CCCCCC3)cc1)C1=C2CCOc2cc(O)ccc21,7.803150066126445
CCc1c(O)ccc2c1c(=O)oc1c(C)c(O)ccc12,6.054197041754229
CN1CCC(c2ccc(C3c4ccc(O)cc4CCN3c3cccc(F)c3)cc2)CC1,7.785967104932109
CCCC[C@@]12CCC(=O)C(Br)=C1c1ccc3[nH]nnc3c1C2,5.8350394764127955
COc1ccc(Cn2c(=O)[nH]c3cc(C(=O)NCc4ccc5c(c4)OCO5)ccc3c2=O)cc1,5.585046621126688
Cc1cc(F)cc(C)c1C(=O)c1sc2cc(O)ccc2c1Oc1ccc(OC2CN(CCCF)C2)cc1,7.524811014633883
O=C1c2ccccc2C(=O)C12C(c1ccc(O)cc1)=Cc1cc(O)ccc12,6.151637551424166
CC(C)=CCc1c([C@H]2CCc3ccc(O)cc3O2)ccc(O)c1O,6.919740077167449
Oc1ccc2c(c1)OCCC1=C2[C@@H](c2ccc(OCCN3CCCCCC3)cc2)Oc2cc(F)ccc21,7.781226288407669
Oc1ccc(-c2noc3cc(O)ccc23)cc1,6.1036390292081455
CC1Oc2cc(O)cc(O)c2N=C1c1ccc(O)cc1,5.973915546863884
Oc1ccc2c(c1)CCCC(c1cncc(F)c1)=C2c1ccc(O[C@H]2CCN(CCCF)C2)cc1,7.790063180863781
O=S(=O)(NCc1csc(-c2cccnc2)n1)c1ccc(Cl)s1,5.570008703186824
C[C@@H]1Cc2c([nH]c3ccccc23)[C@@H](c2cccc(OCCNCCCF)c2F)N1CC(F)(F)F,8.900742794552912
Oc1ccc2c(c1)O[C@H](c1ccc(OCCN3CCCCC3)cc1)C1=C2COc2cc(O)ccc21,7.7414278682747675
Oc1ccc2c(c1)OCCC1=C2[C@@H](c2ccc(OCCN3CCCCC3)cc2)Oc2ccccc21,7.697397951390279
Oc1ccc2c(c1)O[C@@H](c1ccc(OCCN3CCOCC3)cc1)C1=C2CCOc2cc(O)ccc21,7.575275957279853
C=C1C=C2CC[C@H]3[C@@H]4CC[C@H](O)[C@@]4(C)CC[C@@H]3[C@@]2(C)CC1,6.017256362520561
CCc1cc(O)cc2ncn(-c3ccc(O)cc3)c(=S)c12,5.918134259984495
C[C@@H]1Cc2c([nH]c3cccc(F)c23)[C@@H](c2c(F)ccc(OCCNCCCF)c2F)N1CC(F)(F)CO,8.860783462077862
Oc1ccc2c(c1)OC(c1ccc(OCCN3CCCCC3)cc1)C1=C2CCCOc2cc(O)ccc21,7.6480780680800695
Oc1ccc2c(c1)S[C@H](CC1CCCC1)[C@H](c1ccc(OCCN3CCCCC3)cc1)O2,8.339644511177035
CN(C)C(=O)/C=C/c1ccc(S[C@@H]2Cc3cc(O)ccc3[C@H]3CC[C@]4(C)[C@@H](O)CC[C@H]4[C@@H]32)cc1,7.345336489219287
Cc1c(OCCNCCCF)ccc(F)c1[C@@H]1c2[nH]c3ccccc3c2C[C@@H](C)N1C[C@@H](C)C(=O)O,8.370997805937733
CCc1cc(-c2ccc(O)c(F)c2)cc2ccc(O)cc12,7.048112844902393
O=C(/C=C/c1ccc(O)cc1)c1ccc(Br)cc1,6.5031284773068965
Oc1ccc2c(c1)CCCC(c1ccc3cc[nH]c3c1)=C2c1ccc(O[C@H]2CCN(CCCF)C2)cc1,7.862459243064202
COc1cc(Cc2ccc([C@@H]3O[C@@H]4C[C@H]5[C@@H]6C[C@H](F)C7=CC(=O)C=C[C@]7(C)[C@@]6(F)[C@@H](O)C[C@]5(C)[C@]4(C(=O)CO)O3)cc2)ccc1N,6.431241044131609
C[C@]12CC[C@@H]3c4ccc(O)cc4CC[C@H]3[C@@H]1C[C@@H](O)[C@@H]2O,7.8585912131136
Cc1cc(-n2cnc3cc(O)cc(O)c3c2=S)ccc1O,5.758643486219411
Oc1ccc(-n2c(-c3ccccc3Cl)nc3ccccc32)cc1,6.302472891113257
O=C(O)/C=C/c1ccc(C(=C2C3CC4CC(C3)CC2C4)c2ccc(O)cc2)cc1,7.166480936256256
C#Cc1cc(-c2ccc(O)c(F)c2)nc2ccc(O)cc12,6.228730303957775
COc1cc([C@@H]2C(=O)N(c3ccc(O)cc3)[C@H]2c2ccc(O)cc2)cc(OC)c1OC,6.526671291179278
Cc1ccc(OCCNCCCF)c(C)c1[C@@H]1c2[nH]c3ccccc3c2C[C@@H](C)N1CC(F)(F)F,8.816318995392582
CC(C)c1ccc(N2CCc3cc(O)ccc3C2(C)c2ccc(OCCN3CCCCC3)cc2)cc1,7.799066790403872
C[C@]12CCC3C(CC=C4C[C@@H](O)CC[C@@]43/C=C/Cl)C1CC[C@@H]2O,6.270710254512498
O=C(O)/C=C/c1ccc(C2c3ccc(O)cc3CCN2Cc2ccccc2)cc1,7.312521610462946
COc1cc(NC(=O)COc2ccc(-n3cnnn3)cc2)c(OC)cc1Cl,5.1964334365758065
CN(C)CCOc1ccc([C@@H]2Oc3ccc(O)cc3S[C@@H]2c2cccc(O)c2)cc1,7.7099736396232466
C[C@@H]1Cc2c([nH]c3ccccc23)[C@@H](c2cccc(OCCCNCCCF)c2)N1CC1(F)COC1,8.449988508096192
CC/C(=C(/c1ccc(O)cc1)c1ccc(/C=C/C(=O)NCCCCCNC(=O)/C=C/c2ccc(/C(=C(\CC)c3ccccc3)c3ccc(O)cc3)cc2)cc1)c1ccccc1,6.626654253592891
Cc1cc(O)cc2ncn(-c3ccc(O)cc3)c(=O)c12,5.688887574988561
Oc1ccc(-c2nn(C3CCCCC3)c3c(Cl)cccc23)cc1,7.367979871317866
Oc1ccc2c(c1)OCCC1=C2[C@H](c2ccc(OCCN3CCCCCC3)cc2)Oc2ccccc21,7.822164481733287
CCCN(c1ccccc1Cl)S(=O)(=O)c1ccc(O)c(C)c1,6.46806529942461
Oc1ccc2c(c1)O[C@H](c1ccc(OCCN3CCCCC3)cc1)C1=C2CCOc2ccccc21,7.762433371666031
O=C(Oc1cccc2c(O)cccc12)c1ccc(Br)cc1,6.400116433334613
CC/C(=C(\c1ccccc1)c1ccc(/C=C/C(=O)O)cc1)c1ccccc1,6.338610439001984
Cc1cc(OCCNCCCF)cc([C@@H]2c3[nH]c4ccccc4c3C[C@@H](C)N2CC(F)(F)F)c1,8.809568102737927
Oc1ccc(C2=C(c3ccc(O[C@H]4CCN(CCCF)C4)cc3)c3ccc(O)cc3CCC2)cc1,7.911995792944638
Oc1ccc([C@@H]2Sc3c(ccc(O)c3Cl)O[C@@H]2c2ccc(OCCN3CCCCC3)cc2)cc1,8.301475891052323
COc1ccc(OCCNCCCF)cc1[C@@H]1c2[nH]c3ccccc3c2C[C@@H](C)N1CC(F)F,8.683749015935437
CC(C)(C)c1ccc(C2=C(c3ccc(O[C@H]4CCN(CCCF)C4)cc3)c3ccc(O)c(F)c3CCC2)cc1,7.744865217022077
Cc1c(O)ccc2c1oc(=O)c1c(C)c(O)cc(C)c12,5.9202985385484865
C[C@@H](CCc1ccc(O)cc1)NC(=O)Cc1c(-c2ccccc2)[nH]c2ccccc12,6.93483796701845
Oc1ccc([C@@H]2Sc3c(ccc(O)c3F)O[C@@H]2c2ccc(OCCN3CCCCC3)cc2)cc1,8.321958954573102
CC1=C2c3ccc(O)cc3CC2(C(C)C)CCC1=O,6.026032898028765
Oc1cccc(C2=C(c3ccc(O[C@H]4CCN(CCCF)C4)cc3)c3ccc(O)cc3CCC2)c1,7.903526599948677
O=c1c(-c2ccc(O)cc2)coc2cc(O)cc(O)c12,6.174346605040865
CN(C)CCOc1ccc([C@@H]2Oc3cc(O)ccc3C3=C2c2ccccc2OCC3)cc1,7.150095883559533
CC/C(=C(\c1ccccc1)c1ccc(OCCN(C)C)cc1)c1ccccc1,6.8024694162468435
O/N=C/c1ccc(-c2ccc(O)c(F)c2)c2ccccc12,6.777209189804482
O=C(c1ccc(OCCN2CCCCC2)cc1)c1c(-c2ccc(O)cc2)sc2cc(O)ccc12,7.692703227177148
Oc1ccc2c(c1)CCCC(c1ccncc1F)=C2c1ccc(O[C@H]2CCN(CCCF)C2)cc1,7.831397404574124
CCCN(c1ccccc1-c1ccccc1)S(=O)(=O)c1ccc(O)c(C)c1,6.521959873847859
Oc1ccc(-c2coc3cc(O)cc(O)c3c2=S)cc1,6.31743778917837
C[C@@H](COc1ccc([C@@H]2Oc3ccc(O)cc3S[C@@H]2c2ccc(O)cc2)cc1)N1CCCC1,8.262425607814091
CN(C)CCOc1ccc([C@@H]2Oc3ccccc3C3=C2c2ccc(O)cc2OCC3)cc1,7.149209718731308
Oc1ccc2c(c1)sc1c3ccccc3n(Cc3ccc(OCCN4CCCC4)cc3)c21,7.7449576994344795
COc1cc(OC2CN(CCCF)C2)ccc1[C@@H]1c2ccc3[nH]ncc3c2C[C@@H](C)N1CC(F)(F)CO,8.265925029739751
Cc1c(O)c(C)c2occ(-c3ccc(O)cc3)c(=O)c2c1O,5.912021473371972
O=S(=O)(c1ccccc1)N1CCc2cc(O)ccc2C1c1ccc(OCCN2CCCC2)cc1,7.676981559693392
Cc1c(O)ccc2c1c(=O)oc1cc(O)ccc12,6.107391628843644
OCCC/C(=C(\c1ccc(O)cc1)c1ccc(OCCN2CC3CC3C2)cc1)c1ccccc1,7.689427306410499
CC1(C)CC(=O)C2=C(C1)OC1=C(C(=O)CCC1)C2c1cc2ccccc2n1Cc1ccccc1,5.720451139687457
Oc1ccc2c(c1)CCCC(c1ccc(S(F)(F)(F)(F)F)cc1)=C2c1ccc(O[C@H]2CCN(CCCF)C2)cc1,8.146042965381575
COc1ncc(C2=C(c3ccc(O[C@H]4CCN(CCCF)C4)cc3)c3ccc(O)cc3CCC2)cc1Cl,7.576579421762901
C[C@H]1CCCN1CCOc1ccc([C@@H]2Oc3ccc(O)cc3S[C@@H]2c2ccc(O)cc2)cc1,8.27342183002195
Oc1ccc([C@H]2Sc3cc(O)ccc3O[C@H]2c2ccc(OCCN3CCCCC3)cc2)cc1,8.161143046845027
CCOC(=O)c1c(Nc2nc(C)c(C(=O)NC)s2)sc(C)c1C,4.6302768628476745
C[C@@H]1Cc2c([nH]c3ccccc23)[C@@H](c2cccc(OCCNCCCF)n2)N1CC(F)(F)F,8.677955860234391
CC(C)[C@H]1Sc2cc(O)ccc2O[C@H]1c1ccc(OCCN2CCCCC2)cc1,8.01023545553662
Cc1c(OCCN(C)CCCF)ncc(F)c1[C@@H]1c2[nH]c3ccc(F)cc3c2C[C@@H](C)N1C[C@@H](C)C(=O)O,8.109502489869591
C[C@@H]1Cc2c([nH]c3ccccc23)[C@@H](c2ccc(F)c(OCCNCCCF)c2)N1CC(F)(F)F,8.87356441579664
C[C@@H]1Cc2c([nH]c3ccccc23)[C@@H](c2c(F)ccc(OCCNCCCF)c2Cl)N1CC(C)(C)C(=O)O,8.182306085131659
C[C@@H](COc1ccc([C@@H]2c3ccc(O)cc3CC[C@@H]2c2ccccc2)cc1)N1CCCC1,8.312856985911026
Oc1ccc2c(c1)CC[C@H](c1ccccc1)[C@@H]2c1ccc(OCCN2CCCC2)cc1,8.349986020011375
Cc1snc2sc(C(=O)c3ccc(Br)cc3)c(N)c12,5.11554394903138
COc1ccc(OCCNCCCF)cc1[C@@H]1c2[nH]c3ccccc3c2C[C@@H](C)N1C[C@H](C)C(=O)O,8.298621436936854
C#Cc1cc(-c2cc(F)c(O)c(F)c2)nc2ccc(O)cc12,6.299201212129653
Cc1ccc(C(=O)N/N=C/c2ccc([N+](=O)[O-])s2)cc1,5.118479759025952
Oc1ccc(-c2nn(-c3cc(F)ccc3F)c3cc(O)ccc23)c(O)c1,6.369763353247061
Oc1ccc(-c2ccc3c(F)c(O)ccc3c2)cc1,7.063948133338002
C[C@@H]1Cc2c([nH]c3ccccc23)[C@@H](c2cccc(OCCNCCCF)c2Cl)N1CC(F)(F)F,8.879257181777083
O=C(O)c1cc(-c2ccco2)nc2ccc(Br)cc12,5.684269867537739
CCCCC1=C2c3ccc(O)cc3CC2(Cc2ccccc2)CCC1=O,6.693097796224018
CN(C)c1cccc(N2CCc3cc(O)ccc3C2(C)c2ccc(OCCN3CCCCC3)cc2)c1,7.6319881809822565
O=c1c2c(O)cc(O)cc2ncn1-c1cccc(O)c1,5.631429212741638
Oc1ccc2c(c1)OC(c1ccc(OCCN3CC(CF)C3)cc1)C1=C2CCOc2cc(O)ccc21,7.673946515827058
O=C(c1ccc(N2CCN(c3ccc(Cl)cc3)CC2)cc1)c1c(-c2ccc(O)cc2)sc2cc(O)ccc12,6.915074656563259
N#Cc1cc(O)cc2ccc(-c3ccc(O)c(F)c3)cc12,6.628393969316637
C[C@@H]1Cc2c([nH]c3ccccc23)[C@@H](c2cc(OCCNCCCF)ccn2)N1CC(F)(F)F,8.739788474932158
C[C@@H]1Cc2c([nH]c3ccccc23)[C@@H](c2c(Cl)ccc(OCCNCCCF)c2F)N1CC(F)(F)F,8.92145893722272
COCC(F)(F)CN1[C@H](c2ccc(NC3CN(CCCF)C3)cc2OC)c2ccc3[nH]ncc3c2C[C@H]1C,8.218011653559216
C[C@]12CC[C@@H]3c4ccc(O)cc4C[C@@H](CCCCCCCCC[S+]([O-])CCCC(F)(F)C(F)(F)F)[C@H]3[C@@H]1CC[C@@H]2O,8.579627228456404
Cc1cccc(NC2=NC(=O)/C(=C3/C(=O)N(C)c4ccccc43)S2)c1C,4.734587700984462
Oc1ccc(C(=Cc2ccccc2)c2ccc(O)cc2)cc1,6.786443848999216
CN(CCCc1ccc(Cl)cc1)c1nc(NCCc2ccc(O)cc2)nc(N2CCN(CCO)CC2)n1,6.431362314510974
Oc1ccc(-c2ccc3c(Cl)c(O)ccc3n2)cc1,6.5634124703121905
CC(C)N1CCC(c2ccc(/C(=C(/CCCO)c3ccccc3)c3ccc(O)cc3)cc2)CC1,7.761507654807098
Oc1cccc(-c2ccc3c(O)cccc3c2)c1,6.946343523126935
C[C@@H]1CCN(CCOc2ccc([C@@H]3Oc4ccc(O)cc4S[C@@H]3c3ccc(O)cc3)cc2)C1,8.31881537132843
Cc1ccc(N2CCc3cc(O)ccc3C2(C)c2ccc(/C=C/C(=O)O)cc2)cc1F,6.966323535979353
Oc1ccc([C@@H]2Sc3cc(O)c(Cl)cc3O[C@@H]2c2ccc(OCCN3CCCCC3)cc2)cc1,8.28352652065264
COCc1ccc(OCCNCCCF)cc1[C@@H]1c2[nH]c3ccccc3c2C[C@@H](C)N1CC(F)(F)F,8.760021493182023
CN1CC=C(C2=C(c3ccc(O[C@H]4CCN(CCCF)C4)cc3)c3ccc(O)cc3CCC2)CC1,7.507864239842476
Cc1ccc(-n2nnnc2SCC(=O)Nc2ccc3c(c2)COC3=O)cc1C,4.900683268207786
Cc1ccc(OCCNCCCF)cc1[C@@H]1c2[nH]c3ccccc3c2C[C@@H](C)N1CC(F)(F)F,8.844534334873233
[C-]#[N+]c1ccccc1-c1sc2cc(O)ccc2c1Oc1ccc(/C=C/C(=O)O)cc1,6.339770655650481
CC(F)CN1[C@H](c2ccc(NC3CN(CCCF)C3)cn2)c2ccc3[nH]ncc3c2C[C@H]1C,8.064870998555488
COc1cc(/C=C/C(=O)O)ccc1[C@@H]1c2ccc3[nH]ncc3c2C[C@@H](C)N1CC(C)(C)F,7.5925568242562145
Cc1c(OCCN(C)CCCF)ccc(F)c1[C@@H]1c2[nH]c3ccccc3c2C[C@@H](C)N1C[C@H](C)C(=O)O,8.347406094989283
Oc1ccc2c(c1)S[C@H](Cc1ccccc1)[C@H](c1ccc(OCCN3CCCCC3)cc1)O2,8.28624353697007
O=C(O)/C=C/c1ccc(Oc2c(-c3ccccc3[N+](=O)[O-])sc3cc(O)ccc23)cc1,6.205835059044167
C[C@@H](CN1[C@H](c2c(F)ccc(OCCNCCCF)c2Cl)c2[nH]c3ccccc3c2C[C@H]1C(F)(F)F)C(=O)O,8.590430740989632
Cc1ccc(OCCNCCCF)cc1[C@@H]1c2[nH]c3ccccc3c2C[C@@H](C)N1CC(F)(F)F,8.844534334873233
C/C=C\c1cc(O)cc2nc(-c3ccc(O)cc3F)oc12,5.836640959471284
CC(C)[C@H](COc1ccc([C@@H]2Oc3ccc(O)cc3S[C@@H]2c2ccc(O)cc2)cc1)N1CCCC1,8.37037069130314
Oc1ccc2cc(-c3nc4cc(O)ccc4o3)ccc2c1,6.128502498951491
COc1cc(O)c2c(=O)n(-c3ccc(O)cc3)cnc2c1,5.575927436496567
Cc1c(OCCN(C)CCCF)ccc(F)c1[C@@H]1c2[nH]c3ccccc3c2C[C@@H](C(F)(F)F)N1C[C@H](C)C(=O)O,8.503940086991143
Oc1ccc2c(c1)OCCC1=C2[C@H](c2ccc(OCCN3CCCCCC3)cc2)Oc2cc(F)ccc21,7.84277386603954
CC1CCCC(C)N1CCOc1ccc([C@@H]2Oc3ccc(O)cc3S[C@@H]2c2cccc(O)c2)cc1,8.239602925974488
C[C@@H]1Cc2c([nH]c3ccccc23)[C@@H](c2nccc(OCCNCCCF)c2Cl)N1CC(F)(F)F,8.756330484014642
C[C@@H]1Cc2c([nH]c3ccccc23)[C@@H](c2nccc(NCCNCCCF)c2F)N1CC(F)(F)F,8.739964748742869
Cc1cc(Cl)ccc1C1=C(c2ccc(O[C@H]3CCN(CCCF)C3)cc2)c2ccc(O)cc2CCC1,7.889238950502014
Cc1c(OCCN(C)CCCF)ncc(F)c1[C@@H]1c2[nH]c3ccccc3c2C[C@@H](C)N1C[C@H](C)C(=O)O,8.149430885802824
C[C@H]1CN(CCOc2ccc([C@@H]3Oc4ccc(O)cc4S[C@@H]3c3ccc(O)cc3)cc2)C[C@@H]1C,8.303670261194375
Cc1cc(O)ccc1-n1cnc2cc(O)cc(O)c2c1=O,5.633154293671158
CCc1cc(OC)cc2c(=O)oc3c(C)c(O)ccc3c12,5.9750917853987415
C[C@]12CCC3c4ccc(O)cc4C[C@@H](CCCCCCCC[C@H](CCCC(F)(F)C(F)(F)C(F)(F)C(F)(F)F)C(=O)O)C3C1CCC2=O,7.913540823040323
Cc1c(OCCNCCCF)ccc(F)c1[C@@H]1c2[nH]c3ccccc3c2C[C@@H](C)N1CC1(C(=O)O)CCC1,8.07999043873519
COc1ccc(OCCNCCCF)cc1[C@@H]1c2[nH]c3ccccc3c2C[C@@H](C)N1CC(F)(F)CO,8.673384394981635
Cc1ccc(C(=O)C2=C(O)C(=O)N(c3ccc(O)cc3)C2c2ccc(Br)cc2)cc1,5.806188062402161
Cn1cc(NC(=O)c2cc(NC(=O)CCS(C)(=O)=O)cn2C)cc1C(=O)NCC(=O)NCCCCCC[C@@H]1Cc2cc(O)ccc2[C@H]2CC[C@]3(C)[C@@H](O)CC[C@H]3[C@H]12,7.050043566142721
O=c1c(-c2ccc(O)cc2)coc2cc(O)cc(O)c12,6.174346605040865
Cn1c(SCc2cc(=O)n3cc(Br)ccc3n2)nnc1C1COc2ccccc2O1,5.010310060936183
CC(C)N(CCOc1ccc([C@H]2Oc3cc(O)ccc3C3=C2c2ccc(O)cc2OCC3)cc1)C(C)C,7.463059811761079
Oc1ccc(-c2ccc3cc(O)ccc3c2)c(F)c1,7.0683450558840875
COc1ccc(-c2sc3cc(O)ccc3c2Oc2ccc(/C=C/C(=O)O)cc2)cc1,6.568943836766103
CC/C(=C(\c1ccccc1)c1ccc(OCCN(C)C)cc1)c1ccccc1,6.8024694162468435
Oc1ccc2c(c1)OCCC1=C2[C@H](c2ccc(OCCN3CCCCC3)cc2)Oc2ccccc21,7.7622268707002675
C[C@@H]1Cc2c([nH]c3ccccc23)[C@@H](c2c(F)ccc(OCCNCCCF)c2F)N1CC1(S(C)(=O)=O)CC1,7.992716496245061
CCN1CCN(c2ccc(C3c4ccc(O)cc4CCN3c3ccccc3)cc2)CC1C,7.639650642478889
Cc1cc(O)cc2c1C(=O)[C@@H](c1ccc(O)cc1)[C@@H](c1ccc(OCCN3CCCCC3)cc1)O2,7.785261942379424
O=C(O)c1cc(-c2ccco2)nc2ccccc12,5.71061577613184
Oc1ccc2c(-c3ccc4c(O)cccc4c3)noc2c1,6.261015121423533
C[C@@H]1Cc2c([nH]c3ccccc23)[C@@H](c2cccc(NCCNCCCF)c2)N1CC1(F)COC1,8.376139308768014
Cc1cc(O)ccc1C(=O)c1sc2cc(O)ccc2c1Oc1ccc(OCCN2CC(CF)C2)cc1,7.573560885865222
Cc1c(OCCNCCCF)ccc(F)c1[C@@H]1c2[nH]c3ccccc3c2CC(C)(C)N1C[C@H](C)C(=O)O,8.228211358825344
O=C(c1ccc(N2CCN(C(=O)c3cccc(O)c3)CC2)cc1)c1c(-c2ccc(O)cc2)sc2cc(O)ccc12,6.587859234498765
Cc1ncccc1-c1sc2cc(O)ccc2c1Oc1ccc(/C=C/C(=O)O)cc1,6.364684335084435
Oc1ccc2c(c1)sc1c3cc(O)ccc3n(Cc3ccc(OCCN4CCOCC4)cc3)c21,7.671368746924326
Oc1ccc2c(Oc3ccc(OCCN4CCCCC4)cc3)c(-c3ccccc3)sc2c1,7.884629226029346
Cc1cc(F)cc(C)c1C(=O)c1sc2cc(O)ccc2c1Oc1ccc(OCCN2CC[C@@H](CF)C2)cc1,7.6425543749185
C[C@@H]1Cc2c(ccc3[nH]ncc23)[C@@H](c2ccc(NC3CN(CCCF)C3)cn2)N1CC(C)(C)F,7.939688065970309
O=C(c1ccc(OCCN2CCCCC2)cc1)c1c(-c2ccc(O)cc2)sc2cc(O)ccc12,7.692703227177148
O=C(c1ccc(OCCN2CCCCC2)cc1)c1c(-c2ccc(O)cc2)sc2cc(O)ccc12,7.692703227177148
CCCOC(=O)[C@H]1CC[C@H]2[C@@H]3CCc4cc(O)ccc4[C@H]3CC[C@]12C,7.036135169038717
CCCN(c1c(C)cccc1CC)S(=O)(=O)c1ccc(O)c(C)c1,6.356274545427327
Oc1ccc2c(-c3ccc(O)c(F)c3)noc2c1,6.204180197300067
CCN(c1ccccc1OC)S(=O)(=O)c1ccc(O)cc1,6.0400876935293155
Cc1c(Cl)cccc1C1=C(c2ccc(O[C@H]3CCN(CCCF)C3)cc2)c2ccc(O)cc2CCC1,7.909795203205068
Oc1c(/C=N/c2cccc3cccnc23)sc2ccccc12,6.025243263913313
CCN(CC)CCOc1ccc([C@@H]2Oc3cc(F)ccc3C3=C2c2ccc(O)cc2OCC3)cc1,7.613818839523564
Oc1ccc(-c2cc3cc(O)ccc3o2)cc1,6.675060420522355
Oc1ccc2c(c1)S[C@H](c1ccncc1)[C@H](c1ccc(OCCN3CCCCC3)cc1)O2,8.225549034695316
CN1C(=O)NC(c2ccc(OCCN3CCNCC3)cc2)C2=C1c1ccccc1C2=O,6.742295108748738
C[C@@H]1Cc2c([nH]c3ccccc23)[C@@H](c2cccc(NCCNCCCF)c2)N1CC1(F)COC1,8.376139308768014
COc1ccc2c(c1)OCCC1=C2[C@H](c2ccc(OCCN3CCCCC3)cc2)Oc2cc(O)ccc21,7.6628533261814695
Oc1cccc(-c2ccc3cc(O)ccc3c2)c1,6.975527531170567
Cc1cc(Cl)ccc1C1=C(c2ccc(O[C@H]3CCN(CCCF)C3)cc2)c2ccc(O)cc2CCC1,7.889238950502014
Cc1c(NCCNCCCF)ccc(F)c1[C@@H]1c2[nH]c3ccccc3c2C[C@@H](C)N1C[C@H](C)C(=O)O,8.40046238669269
COc1cnc(OCCNCCCF)cc1[C@@H]1c2[nH]c3ccccc3c2C[C@@H](C)N1CC(F)(F)F,8.604224235952252
CCN(CC)C(=O)/C=C/c1ccc(C2=C(c3ccc(O)cc3)CCOc3cc(F)ccc32)cc1,6.573927941026247
C[C@@H]1CN(CCOc2ccc([C@@H]3Oc4ccc(O)cc4S[C@@H]3c3ccc(O)cc3)cc2)C[C@@H]1C,8.413101083760726
Nc1ccc(-c2c(C(=O)c3ccc(OCCNS(=O)(=O)O)cc3)c3ccc(O)cc3oc2=O)cc1,6.355299963892791
CCCCC12CCC(=O)C(CCC)=C1c1ccc(O)cc1C2,6.605432747108749
C[C@]12CC[C@@H]3c4ccc(O)cc4C[C@@H](CCCCCCCCC[S+]([O-])CCCC(F)(F)C(F)(F)F)[C@H]3[C@@H]1CC[C@@H]2O,8.579627228456404
Cn1nnc(/C=C/c2ccc(Oc3c(-c4ccc(O)cc4)sc4cc(O)ccc34)cc2)n1,5.742027423717333
Cc1cccc(C2=C(c3ccc(O[C@H]4CCN(CCCF)C4)cc3)c3ccc(O)cc3CCC2)c1C,7.849912711502877
C[C@@H]1Cc2c([nH]c3ccccc23)[C@@H](c2cccc(OCCCN3CC(CF)C3)c2)N1CC1(F)COC1,8.20931747163634
COc1ccc(NCCNCCCF)nc1[C@@H]1c2[nH]c3ccccc3c2C[C@@H](C)N1CC(F)(F)F,8.527652584590358
CN(CCOc1ccc(C2NC(=O)N(C)C3=C2C(=O)c2ccccc23)cc1)CCC(Oc1ccc(C(F)(F)F)cc1)c1ccccc1,6.978502852292712
Cc1occc1C(=O)NCc1cccc(CNC(=O)c2ccoc2C)c1,5.537616004789233
Oc1ccc2c(c1)O[C@@H](c1ccc(OCCN3CCSCC3)cc1)C1=C2CCOc2cc(O)ccc21,7.622339509671874
CC1=C2c3ccc(O)cc3CC2(Cc2ccc(Cl)cc2)CCC1=O,6.465605964102155
CC1(c2ccc(OCCN3CCCC3)cc2)c2ccc(O)cc2CCN1c1ccccc1,7.817204413915162
Cc1cc(OCCNCCCF)cc([C@@H]2c3[nH]c4ccccc4c3C[C@@H](C)N2CC(F)(F)F)c1,8.809568102737927
O=Cc1cn(-c2ccccc2)nc1-c1cc2c(ccc3ccccc32)oc1=O,5.635510775680713
CCN(CC)CCOc1ccc([C@@H]2Oc3cc(F)ccc3C3=C2c2ccc(O)cc2OCC3)cc1,7.613818839523564
COc1ncc(C2=C(c3ccc(O[C@H]4CCN(CCCF)C4)cc3)c3ccc(O)cc3CCC2)cc1F,7.593164973604035
CC(C)c1cccc(N2CCc3cc(O)ccc3C2(C)c2ccc(/C=C/C(=O)O)cc2)c1,6.916417843694409
N#Cc1cc(-c2ccc(O)c(F)c2)cc2ccc(O)c(F)c12,6.705530475119948
C[C@@H]1Cc2c([nH]c3ccccc23)[C@@H](c2c(F)cnc(OCCNCCCF)c2F)N1CC1(F)CC1,8.452037429793016
CCCC12CCC(=O)C(Br)=C1c1ccc(O)cc1C2,6.332749382112153
C=CCc1cc(O)cc2nc(-c3ccc(O)cc3F)oc12,5.973589005761404
Cc1c(O)cc(C)c2c1oc(=O)c1c(C)c(O)ccc12,5.919494395607645
O=C(O)/C=C/c1ccc(Oc2c(-c3ccc(Cl)cc3)sc3cc(O)ccc23)cc1,6.662274156340551
C[C@H](O)c1ccccc1-c1sc2cc(O)ccc2c1Oc1ccc(/C=C/C(=O)O)cc1,6.7803503853599985
Cc1nc2cccc(C(=O)NCc3ccccc3)c2o1,5.402573834308598
Cn1nnc(/C=C/c2ccc(Oc3c(-c4ccc(O)cc4)sc4cc(O)ccc34)cc2)n1,5.742027423717333
O=C(O)/C=C/c1ccc(Oc2c(-c3ccc(O)cc3)sc3cc(O)ccc23)cc1,6.635727519840739
O=C(O)/C=C/c1ccc(Cc2c(-c3ccc(OC(F)(F)F)cc3)c(=O)oc3ccccc23)cc1,6.87469861249488
C[C@@H]1Cc2c([nH]c3ccccc23)[C@@H](c2c(F)cnc(OCCNCCCF)c2Cl)N1CC(F)(F)CO,8.662330286237683
CCC12CCC(=O)C(C)=C1c1ccc3[nH]ncc3c1C2=O,5.278057884162635
Cc1c(OCCNCCCF)ccc(F)c1[C@@H]1c2[nH]c3ccccc3c2C[C@@H](C)N1C[C@H](C)C(=O)O,8.433258090229232
Cc1c(OCCNCCCF)ccc(F)c1[C@@H]1c2[nH]c3ccccc3c2C[C@@H](C)N1CC(F)(F)CO,8.786773691014911
CC(C)c1ccc(N2CCc3cc(O)ccc3C2(C)c2ccc(OCCN3CCCCC3)cc2)cc1,7.799066790403872
CCN(CC)CCOc1ccc([C@H]2Oc3cc(F)ccc3C3=C2c2ccc(O)cc2OCC3)cc1,7.553947870938024
COCC(C)(F)CN1[C@H](c2ccc(NC3CN(CCCF)C3)cc2OC)c2ccc3[nH]ncc3c2C[C@H]1C,8.053883611765999
C[C@@H]1Cc2c([nH]c3ccc(F)cc23)[C@@H](c2c(F)cnc(OCCNCCCF)c2F)N1CC1(F)CC1,8.472656565193343
Oc1ccc2c(Oc3ccc(OCCN4CCCCC4)cc3)c(-c3ccc(NCCCl)cc3)sc2c1,7.931556137691558
Cc1cc(O)cc2c1O[C@H](c1ccc(OCCN3CCCCC3)cc1)[C@H](c1ccc(O)cc1)S2,8.215793002877358
C=CCn1c(SCC(=O)NC(=O)NCc2ccco2)nc2sc(CC)cc2c1=O,4.871085021231078
Oc1ccc2cc(-c3nc4ccc(O)cc4o3)ccc2c1,6.127848415343046
O=C(O)/C=C/c1ccc(Cc2c(-c3ccc(C(F)(F)F)cc3)c(=O)oc3cc(O)ccc23)cc1,6.8138564273794655
Cc1cc(F)ccc1-c1c(Oc2ccc(/C=C/C(=O)O)cc2)c2ccc(O)c(F)c2oc1=O,6.292142580002292
O=C(CSc1nnc(SCC(=O)c2ccco2)s1)c1ccco1,4.854836386593419
COc1cc(N(C)C2CN(CCCF)C2)ccc1[C@@H]1c2ccc3[nH]ncc3c2C[C@@H](C)N1CC1(F)CC1,7.9016934093282245
O=c1c2c(O)cc(O)cc2oc2oc3cc(O)ccc3c12,5.706202059062351
CC[C@@]12CCC(=O)C(Cl)=C1c1ccc3[nH]nc(F)c3c1C2,6.092234146878165
Oc1ccc2c(c1)CCCC(c1ccc(N3CCOCC3)cc1)=C2c1ccc(O[C@H]2CCN(CCCF)C2)cc1,7.84392196471922
CN(C)CCOc1ccc(/C(=C(/CCC#N)c2ccccc2)c2ccc(O)cc2)cc1,6.724100084660338
Oc1ccc2c(c1)S[C@H](C1CCCCC1)[C@H](c1ccc(OCCN3CCCCC3)cc1)O2,8.327723193731552
Oc1ccc([C@H]2Sc3cc(O)ccc3O[C@H]2c2ccc(OCCN3C4CCC3CC4)cc2)cc1,8.02319049710362
C[C@@H]1Cc2c(ccc3[nH]ncc23)[C@@H](c2ccc(NC3CN(CCCF)C3)c(F)c2)N1CC(F)(F)F,8.456835668793055
COc1ccc(O[C@H](C)CNCCCF)cc1[C@@H]1c2[nH]c3ccccc3c2C[C@@H](C)N1CC(F)(F)CO,8.64979912297283
CN1CCN(CCOc2ccc([C@H]3Oc4cc(O)ccc4C4=C3c3ccc(O)cc3OCC4)cc2)CC1,7.595565061513119
C[C@@H]1Cc2c([nH]c3ccccc23)[C@@H](c2cc(OCCNCCCF)ccc2Cl)N1CC(F)(F)CO,8.775733570843348
Cc1c(OCCNCCCF)ccnc1[C@@H]1c2[nH]c3ccccc3c2C[C@@H](C)N1CC(F)(F)CO,8.600518715609716
CCc1nc2cc(O)cc(O)c2c(=O)n1-c1ccc(O)cc1,5.494884617643049
Oc1ccc(-n2c(-c3ccccc3)nc3ccccc32)cc1,6.220552319280449
C[C@]12C=CC(=O)C=C1[C@@H](F)C[C@H]1[C@@H]3C[C@H]4O[C@@H](c5ccc(Cc6ccc(Cl)c(N)c6)cc5)O[C@@]4(C(=O)CO)[C@@]3(C)C[C@H](O)[C@@]12F,5.813417594691831
Cc1cc(O)cc2ncn(-c3ccc(O)cc3)c(=S)c12,5.8347058264787135
CC(C)CN1[C@H](c2c(F)cc(/C=C/C(=O)O)cc2F)c2ccc(O)cc2CC1(C)C,7.847150717041782
Oc1ccc2c(c1)sc1c3ccccc3n(Cc3ccc(OCCN4CCCCC4)cc3)c21,7.828296113988834
COc1cc(C2C(C#N)=C(N)Oc3cc(C)oc(=O)c32)cc2c1OCO2,5.055621404529951
O=C(O)CCCOc1ccc(/C(=C/CCc2ccccc2)c2cccc(O)c2)cc1,6.8210545268661065
CCN(c1ccccc1)S(=O)(=O)c1ccc(O)c(C)c1,6.124880644591782
CC(C)CCc1cc(NCc2ccccc2)nc(NCc2ccccc2)n1,6.159627914887404
CCc1c(O)ccc2c1c(=O)oc1c(F)c(O)ccc12,6.2268731543881
C[C@@H]1Cc2c([nH]c3ccccc23)[C@@H](c2ccnc(OCCNCCCF)c2Cl)N1CC(F)(F)CO,8.627829955016615
Cc1cc(OC(F)(F)F)ccc1-c1c(Oc2ccc(/C=C/C(=O)O)cc2)c2ccc(O)cc2oc1=O,6.753773461692894
Oc1ccc2ccc(-c3ccccc3)cc2c1,6.978016770867546
NC(=S)n1[nH]c(-c2ccc([N+](=O)[O-])cc2)c(/N=N/c2ccc(O)cc2)c1=O,4.636259492571774
Oc1ccc(-c2nc3cc(O)cc(-c4ccccc4)c3o2)cc1,6.133222491726334
Oc1ccc2c(c1)OCCC1=C2[C@@H](c2ccc(OCCN3CCCCCC3)cc2)Oc2ccccc21,7.758806625348607
CCCN(c1c(C)cccc1Cl)S(=O)(=O)c1ccc(O)c(C)c1,6.424514312365083
O=C(O)CCOc1ccc([C@H]2Oc3cc(O)ccc3C3=C2c2ccc(O)cc2OCC3)cc1,6.719368472923078
CCCCCc1ccc(N2CCc3cc(O)ccc3C2(C)c2ccc(/C=C/C(=O)O)cc2)cc1,7.366635880279939
N#Cc1cc(O)c(C#N)c2ccc(-c3ccc(O)c(F)c3)cc12,6.152713043991698
C[C@@H](CN1[C@H](c2c(F)cnc(OCCNCCCF)c2Cl)c2[nH]c3ccccc3c2C[C@H]1C(F)F)C(=O)O,8.395673074495125
CC(C)CN(C(=O)COC(=O)c1cc2c(s1)CCC2)C1CCS(=O)(=O)C1,6.1251010877536824
Cc1c(OCCNCCCF)ccc(F)c1[C@@H]1c2[nH]c3ccccc3c2C[C@@H](C(F)(F)F)N1C[C@H](C)C(=O)O,8.599294857010936
Oc1ccc2c(c1)O[C@@H](c1ccc(OCCN3CCCCC3)cc1)C1=C2CCOc2ccccc21,7.697282179296994
COc1cc(OCCNCCCF)ncc1[C@@H]1c2[nH]c3ccccc3c2C[C@@H](C)N1CC1(F)CC1,8.266120882879385
CC(=O)Nc1ccc2nc(C)cc(O)c2c1,5.626621110210918
C[C@@H]1Cc2c([nH]c3ccccc23)[C@@H](c2cc(OCCNCCCF)ncc2F)N1CC(F)(F)F,8.75750800808115
CN(C)CCOc1ccc(Cn2c3ccc(O)cc3c3sc4cc(O)ccc4c32)cc1,7.00406381830852
CCC(C)c1ccc(N2CCc3cc(O)ccc3C2(C)c2ccc(/C=C/C(=O)O)cc2)cc1,7.083689106469706
Oc1ccc([C@H]2Sc3cc(O)ccc3O[C@H]2c2ccc(OCCN3CCCCC3)cc2)cc1,8.161143046845027
Oc1ccc2c(c1)CCN(c1ccccc1)C2c1ccc(OCCN2CCCC2)cc1,7.9318343591958405
CC(C)CNc1cc(CCc2ccccc2)nc(NCc2ccccc2)n1,6.041060567953402
Oc1ccc2c(c1)O[C@H](c1ccc(OCCN3CCCCCC3)cc1)C1=C2CCOc2ccccc21,7.822334354316512
CN1CCC(c2ccc(C3c4ccc(O)cc4CCN3c3cccc(F)c3)cc2)CC1,7.785967104932109
Cc1cc(C)nc(N2CCN(c3ccc(C(=O)c4c(-c5ccc(O)cc5)sc5cc(O)ccc45)cc3)CC2)n1,6.15775134119831
Cc1cc(O)cc2c1O[C@H](c1ccc(OCCN3CCCCC3)cc1)[C@H](c1ccc(O)cc1)S2,8.215793046440208
O=C(c1ccc(OCCN2CCCCC2)cc1)c1c(-c2ccc(O)cc2)sc2cc(O)ccc12,7.692703227177148
CCCN(c1c(Cl)cccc1Cl)S(=O)(=O)c1ccc(O)c(C)c1,6.53428447467096
CC(C)CCc1c(O)cc(O)c2c1O[C@H](c1ccc(O)cc1)CC2=O,7.013014077235937
Oc1ccc(-c2nc3cc(O)cc(Br)c3o2)c(F)c1,5.910735543799246
C[C@@H]1Cc2c([nH]c3ccccc23)[C@@H](c2c(F)ccc(OCCNCCCF)c2F)N1CC1(F)COC1,8.53882995611705
C[C@@H](COc1ccc(C(=O)c2c(-c3ccc(O)cc3)sc3cc(O)ccc23)cc1)N1CCCC1,7.650730265706294
C[C@@H]1Cc2c([nH]c3ccccc23)[C@@H](c2ccc(OCCNCCCF)cc2C#N)N1CC1(F)CC1,8.31897377866057
O=C(c1ccc(OCCN2CCCCC2)cc1)c1c(-c2ccc(O)cc2)sc2cc(O)ccc12,7.692703227177148
CCCc1nnc2n1N=C(c1ccc(-c3cc(Cl)ccc3Cl)o1)CS2,4.991980208574461
CC(C)(C)CN(c1ccccc1)S(=O)(=O)c1ccc(O)cc1,6.232640308091401
Oc1ccc(-c2nc3cc(O)cc(-c4nccs4)c3o2)cc1,5.510600589690086
Cc1ccc(N2CCc3cc(O)ccc3C2(C)c2ccc(/C=C/C(=O)O)cc2)cc1,6.889622799945743
CCN(CC)CCOc1ccc(Cn2c3ccc(O)cc3c3sc4cc(O)ccc4c32)cc1,7.505564692998089
Oc1ccc2c(c1)C=C(c1ccccc1)C21Cc2ccccc2C1,7.029492588726538
CCCCN(C)C(=O)CCCCCCCCCCS[C@@H]1Cc2cc(O)ccc2[C@H]2CC[C@]3(C)[C@@H](O)CC[C@H]3[C@@H]21,7.797297742504211
C=C(C)C(O)Cc1c(O)c(CC=C(C)C)c(O)c2c(=O)c(-c3ccc(O)c(O)c3)coc12,6.081370387405152
CC(C)(C)c1cc(-c2nc3ccc(O)cc3o2)ccc1O,5.794573101525801
O=C1CCC(=O)N1CCOc1ccc([C@H]2Oc3cc(O)ccc3C3=C2c2ccc(O)cc2OCC3)cc1,6.312555998959492
Cc1c(OCCNCCCF)ccc(F)c1[C@@H]1c2[nH]c3ccccc3c2C[C@@H](C)N1C[C@@H](C)C(=O)O,8.370997805937733
Cc1c(OCCN(C)CCCF)ccc(F)c1[C@@H]1c2[nH]c3ccc(F)cc3c2C[C@@H](C)N1C[C@@H](C)C(=O)O,8.302325889606207
O=c1[nH]c2cc(O)cc(O)c2c(=O)n1-c1ccc(O)cc1,5.50773284925973
C[C@@H]1Cc2c([nH]c3ccccc23)[C@@H](c2cc(F)cc(OCCNCCCF)c2)N1CC(F)(F)F,8.857650388701748
C[C@]12CC[C@@H]3c4ccc(O)cc4CC[C@H]3[C@@H]1CC[C@@H]2O,7.9847297505561885
C[C@@H]1Cc2c([nH]c3ccccc23)[C@@H](c2ccnc(OCCNCCCF)c2)N1CC(F)(F)F,8.719503800787834
C[C@@H]1Cc2c([nH]c3ccccc23)[C@@H](c2c(Cl)ccc(OCCNCCCF)c2F)N1CC(F)(F)F,8.92145893722272
Oc1ccc(-c2nn(C3CCCC3)c3c(Cl)cccc23)cc1,7.198604462538604
Cc1c(OCCNCCCF)ncnc1[C@@H]1c2[nH]c3ccccc3c2C[C@@H](C)N1CC(F)(F)F,8.474061324351673
Oc1cccc(-c2ccc3ccc(O)cc3c2)c1,6.974525884246058
N#Cc1cc(O)cc2ccc(-c3ccc(O)cc3)cc12,6.553936797029895
C[C@@H]1Cc2c([nH]c3ccccc23)[C@@H](c2nccc(OCCNCCCF)c2F)N1CC(F)(F)CO,8.672132649093008
Oc1ccc2c(c1)O[C@@H](c1ccc(OCCCN3CCCCC3)cc1)C1=C2CCOc2cc(O)ccc21,7.768132670714534
CC[C@@H](COc1ccc([C@@H]2Oc3ccc(O)cc3S[C@@H]2c2ccc(O)cc2)cc1)N1CCCC1,8.335574798485169
CC(C)CNc1nc(CCc2ccccc2)cc(NCc2ccccc2)n1,6.039511403055761
Cc1c(OCCNCCCF)ccc(F)c1[C@@H]1c2[nH]c3ccccc3c2C[C@@H](C)N1CC(C)(C)C(=O)O,8.142430535173997
O=C1c2ccc(O)cc2C(=O)N1c1ccc(O)cc1F,5.693224987438506
O=C(O)CCc1cc(Br)c(OCc2cccc(Br)c2)c(Br)c1,6.465000655823573
CC1(c2ccc(OCCN3CCCCC3)cc2)c2ccc(O)cc2CCN1c1ccc(F)cc1,7.898988403750975
CC1(c2ccc(OCCN3CCCC3)cc2)c2ccc(O)cc2CCN1c1cccc(Cl)c1,7.827511101842971
C[C@@H]1Cc2c([nH]c3ccccc23)[C@@H](c2c(F)cnc(OCCNCCCF)c2F)N1CC1(F)CC1,8.452037429793016
O=C(Nc1ccccc1[N+](=O)[O-])C1=C(O)CCn2c1nc1ccccc12,4.919738877974355
CC(=O)N1c2ccc(C3=C(c4ccc(O[C@H]5CCN(CCCF)C5)cc4)c4ccc(O)cc4CCC3)cc2CC1(C)C,7.320922302703762
CC1(c2ccc(OCCN3CCCC3)cc2)c2ccc(O)cc2CCN1c1ccc(F)cc1,7.8489722983925425
C[C@]12CC[C@@H]3c4ccc(O)cc4CC[C@H]3[C@@H]1CC[C@@H]2O,7.9847297505561885
C[C@]12CC[C@@H]3c4ccc(O)cc4CC[C@H]3[C@@H]1CCC2=O,7.260439284864049
C[C@@H]1Cc2c([nH]c3ccccc23)[C@@H](c2c(F)ccc(OCCNCCCF)c2F)N1CC1(S(C)(=O)=O)CC1,7.992716496245061
O=c1c2ccc(O)cc2oc2c1oc1cc(O)ccc12,5.79659267629547
Cc1ccc([C@@H]2c3[nH]c4ccccc4c3C[C@@H](C)N2CC(F)(F)F)cc1OCCNCCCF,8.814687929949052
CC(=O)c1ccccc1-c1sc2cc(O)ccc2c1Oc1ccc(/C=C/C(=O)O)cc1,6.389591335671616
COC(=O)c1oc2ccc(Br)cc2c1NC(=O)CCCN1C(=O)c2ccccc2C1=O,5.175499405754709
C=Cc1cc(-c2ccc(O)cc2)nc2ccc(O)cc12,6.405984648831234
CN(C)CCOc1ccc(/C(=C(/CCCO)c2ccccc2)c2ccc(O)cc2)cc1,7.142640051804539
Oc1ccc([C@H]2Sc3cc(O)ccc3O[C@H]2c2ccc(CN3CCCCC3)cc2)cc1,8.076526474805252
O=C(O)c1ccc2c(c1)CCCC(c1cccc(F)c1Cl)=C2c1ccc(O[C@H]2CCN(CCCF)C2)cc1,7.773956528272718
CN(C)CCOc1ccc([C@H]2Oc3cc(O)ccc3C3=C2c2ccccc2OCC3)cc1,7.085518568099391
Oc1ccc2c(c1)O[C@H](c1ccc(OCCN3CCOCC3)cc1)C1=C2CCOc2cc(O)ccc21,7.638964608037904
CC1Oc2cc(O)cc(O)c2N=C1c1ccc(O)cc1,5.973915546863884
Cc1c(OCCN(C)CCCF)ncc(F)c1[C@@H]1c2[nH]c3ccccc3c2C[C@@H](C)N1C[C@H](C)C(=O)O,8.149430885802824
Oc1ccc2c(c1)CCCC(c1ccc(SC(F)(F)F)cc1)=C2c1ccc(O[C@H]2CCN(CCCF)C2)cc1,8.22042260836876
CC1(c2ccc(OCCN3CCCC3)cc2)c2ccc(O)cc2CCN1c1cccc(F)c1,7.848084410419633
O=C1CCC2(Cc3ccccc3)Cc3cc(O)ccc3C2=C1c1ccc(O)cc1,6.62568454654782
COc1cc2c(cc1C=O)[C@H]1CC[C@]3(C)[C@@H](OC(C)=O)CC[C@H]3[C@@H]1CC2,6.8554062532890665
CC[C@@]12C[C@H](O)[C@](O)(c3ccccc3)C[C@H]1CCc1cc(O)ccc12,7.369527437118
CC1(c2ccc(OCCN3CCCCCC3)cc2)c2ccc(O)cc2CCN1c1ccccc1,7.919879164791888
Cc1c(OCCNCCCF)ccc(F)c1[C@@H]1c2[nH]c3ccc(F)cc3c2C[C@@H](C)N1C[C@@H](C)C(=O)O,8.384302580175483
Oc1ccc2c(c1)CCCC(c1ccc3[nH]ncc3c1)=C2c1ccc(O[C@H]2CCN(CCCF)C2)cc1,7.678880366263454
CN(C)S(=O)(=O)N(CC(=O)N(Cc1ccccc1)Cc1ccccc1)c1ccccc1,5.916196827347264
COc1cc(OCCNCCCF)ccc1[C@@H]1c2[nH]c3ccccc3c2C[C@@H](C)N1CC1(F)COC1,8.356398776872446
CC[C@@H]1CC[C@@H]2C[C@]13Cc1cc(O)ccc1C3=C(C)C2=O,6.939226046246441
CC1(C)Cc2c(ccc3[nH]ncc23)[C@@H](c2ccc(NC3CN(CCCF)C3)cn2)N1CC(F)F,7.803829481817511
C[C@@H]1Cc2c([nH]c3ccccc23)[C@@H](c2nccc(OCCNCCCF)c2F)N1CC(F)(F)F,8.775385906559277
CC/C(=C(\c1ccc(O)cc1)c1ccc(/C=C/C(=O)O)cc1)c1ccccc1,6.550679420543233
Cc1cc2c(cc1O)O[C@H](c1ccc(OCCN3CCCCC3)cc1)[C@H](c1ccc(O)cc1)S2,8.224803592648094
CCOc1ccccc1C(=O)Oc1ccc2ccc(O)cc2c1,6.438997186405341
C#CC[C@]12CC[C@H](O)CC1=CCC1C2CC[C@@]2(C)C1CC[C@@H]2O,5.92255222511408
C[C@]12CC[C@@H]3c4ccc(O)cc4CC[C@H]3[C@@H]1CC[C@@H]2O,7.9847297505561885
Oc1ccc(CNc2nc(Cl)nc3scc(-c4ccccc4)c23)cc1,5.860415730308432
CC(C)[C@H]1C(=O)c2ccc(O)cc2O[C@@H]1c1ccc(OCCN2CCCCC2)cc1,7.849628858218614
Cc1c(OCCNCCCF)ccc(F)c1[C@@H]1c2[nH]c3ccccc3c2C[C@@H](C)N1CCC(=O)O,8.424761116449616
Oc1ccc(-c2nc3cc(O)c(Br)cc3o2)cc1F,5.9133597006478045
Cc1c(OCCN(C)CCCF)ccc(F)c1[C@@H]1c2[nH]c3ccccc3c2C[C@@H](C)N1C[C@H](C)C(=O)O,8.347406094989283
CCOCCCNC(=O)c1cnc2ccc(S(=O)(=O)Nc3cccc(OC)c3)cc2c1O,6.219716216839476
CC1(c2ccc(/C=C/C(=O)O)cc2)c2ccc(O)cc2CCN1c1ccc(C2CC2)cc1,7.252539725233174
C[C@]12CC[C@@H]3c4ccc(O)cc4CC[C@H]3[C@@H]1CC[C@@H]2O,7.9847297505561885
N#C[Se]CCCCCC(=O)Nc1ccc(C2=C(c3ccc(O)cc3)C3CC(S(=O)(=O)Oc4ccccc4F)C2O3)cc1,6.838786823352342
COc1ccc(OCCNCCCF)cc1[C@@H]1c2[nH]c3ccccc3c2C[C@@H](C)N1C[C@H](C)C(=O)O,8.298621436936854
CCOc1ccc(C2=C(c3ccc(O[C@H]4CCN(CCCF)C4)cc3)c3ccc(O)cc3CCC2)c(C)c1,7.805274909575049
CC(C)CN1CCN(c2ccc(C3c4ccc(O)cc4CCN3c3cccc(O)c3)cc2)CC1,7.677551016662218
CC1=C(c2ccc(F)cc2)[C@H](c2ccc(OCCN3CC(CF)C3)cc2)Oc2ccc(O)c(F)c21,7.953685653454804
Cc1c(OCCNCCCF)ncc(F)c1[C@@H]1c2[nH]c3ccccc3c2C[C@@H](C)N1CC(F)(F)CO,8.6178002696711
CSC1=C(c2ccc(O)cc2)C(=O)c2cc(O)cc(O)c21,6.106427676114133
CN(C)CCOc1ccc(Cn2c3ccccc3c3sc4cc(O)ccc4c32)cc1,7.020297197008288
O=c1c(-c2ccc(O)cc2)coc2cc(O)ccc12,6.28607288911785
C[C@@H]1Cc2c(ccc3[nH]nc(F)c23)[C@@H](c2cnc(NC3CN(CCCF)C3)cn2)N1CC(F)(F)F,8.118917189070118
CCOc1ccc(Nc2oc(-c3ccccc3Cl)nc2C#N)cc1,5.402787134175811
COc1ccc(OCCNCCCF)cc1[C@@H]1c2[nH]c3ccccc3c2C[C@@H](C)N1CC(F)F,8.683749015935437
CCCCC12CCC(=O)C(Br)=C1c1ccc3[nH]nnc3c1C2,5.861381807476655
CC(=N)/C(C#N)=C(/O)CSc1nnc(COc2ccccc2Cl)o1,4.490068829371277
CN(C)CCOc1ccc([C@@H]2Oc3cc(O)ccc3C3=C2c2ccccc2OCC3)cc1,7.150095867223465
C[C@]12CC[C@@H]3c4ccc(O)cc4CC[C@H]3[C@@H]1CC[C@@H]2O,7.9847297946358875
CCOC(=O)N1CCc2cc(O)ccc2C1c1ccc(OCCN2CCCC2)cc1,7.486812641825663
